"meeting_date","scrape_date","move","diff_bps","bucket_rate","probability"
2026-11-03,2025-07-06,"0.10%",-300,0.1,0
2026-11-03,2025-07-06,"0.35%",-300,0.35,0
2026-11-03,2025-07-06,"0.60%",-300,0.6,0
2026-11-03,2025-07-06,"0.85%",-275,0.85,0
2026-11-03,2025-07-06,"1.10%",-250,1.1,0
2026-11-03,2025-07-06,"1.35%",-225,1.35,0
2026-11-03,2025-07-06,"1.60%",-200,1.6,0
2026-11-03,2025-07-06,"1.85%",-175,1.85,0.0249501873012176
2026-11-03,2025-07-06,"2.10%",-150,2.1,0.055378653854022
2026-11-03,2025-07-06,"2.35%",-125,2.35,0.100415355736059
2026-11-03,2025-07-06,"2.60%",-100,2.6,0.14875279040615
2026-11-03,2025-07-06,"2.85%",-75,2.85,0.180031919601932
2026-11-03,2025-07-06,"3.10%",-50,3.1,0.178016090883008
2026-11-03,2025-07-06,"3.35%",-25,3.35,0.143811631137699
2026-11-03,2025-07-06,"3.60%",0,3.6,0.0949176800488384
2026-11-03,2025-07-06,"3.85%",25,3.85,0.0511806436565724
2026-11-03,2025-07-06,"4.10%",50,4.1,0.0225450473745011
2026-11-03,2025-07-06,"4.35%",75,4.35,0
2026-11-03,2025-07-06,"4.60%",100,4.6,0
2026-11-03,2025-07-06,"4.85%",125,4.85,0
2026-11-03,2025-07-06,"5.10%",150,5.1,0
2026-11-03,2025-07-06,"5.35%",175,5.35,0
2026-11-03,2025-07-06,"5.60%",200,5.6,0
2026-11-03,2025-07-06,"5.85%",225,5.85,0
2026-11-03,2025-07-06,"6.10%",250,6.1,0
2026-11-03,2025-07-07,"0.10%",-300,0.1,0
2026-11-03,2025-07-07,"0.35%",-300,0.35,0
2026-11-03,2025-07-07,"0.60%",-300,0.6,0
2026-11-03,2025-07-07,"0.85%",-275,0.85,0
2026-11-03,2025-07-07,"1.10%",-250,1.1,0
2026-11-03,2025-07-07,"1.35%",-225,1.35,0
2026-11-03,2025-07-07,"1.60%",-200,1.6,0
2026-11-03,2025-07-07,"1.85%",-175,1.85,0.0169563326843243
2026-11-03,2025-07-07,"2.10%",-150,2.1,0.0416540139298719
2026-11-03,2025-07-07,"2.35%",-125,2.35,0.0828681834936868
2026-11-03,2025-07-07,"2.60%",-100,2.6,0.133520627595121
2026-11-03,2025-07-07,"2.85%",-75,2.85,0.174242926022895
2026-11-03,2025-07-07,"3.10%",-50,3.1,0.184169456355814
2026-11-03,2025-07-07,"3.35%",-25,3.35,0.157665868531192
2026-11-03,2025-07-07,"3.60%",0,3.6,0.109322582629097
2026-11-03,2025-07-07,"3.85%",25,3.85,0.0613933463863208
2026-11-03,2025-07-07,"4.10%",50,4.1,0.0279223506286588
2026-11-03,2025-07-07,"4.35%",75,4.35,0.0102843117430183
2026-11-03,2025-07-07,"4.60%",100,4.6,0
2026-11-03,2025-07-07,"4.85%",125,4.85,0
2026-11-03,2025-07-07,"5.10%",150,5.1,0
2026-11-03,2025-07-07,"5.35%",175,5.35,0
2026-11-03,2025-07-07,"5.60%",200,5.6,0
2026-11-03,2025-07-07,"5.85%",225,5.85,0
2026-11-03,2025-07-07,"6.10%",250,6.1,0
2026-11-03,2025-07-08,"0.10%",-300,0.1,0
2026-11-03,2025-07-08,"0.35%",-300,0.35,0
2026-11-03,2025-07-08,"0.60%",-300,0.6,0
2026-11-03,2025-07-08,"0.85%",-275,0.85,0
2026-11-03,2025-07-08,"1.10%",-250,1.1,0
2026-11-03,2025-07-08,"1.35%",-225,1.35,0
2026-11-03,2025-07-08,"1.60%",-200,1.6,0
2026-11-03,2025-07-08,"1.85%",-175,1.85,0.0139754634572991
2026-11-03,2025-07-08,"2.10%",-150,2.1,0.0357847379784317
2026-11-03,2025-07-08,"2.35%",-125,2.35,0.0741512085844648
2026-11-03,2025-07-08,"2.60%",-100,2.6,0.12435191756169
2026-11-03,2025-07-08,"2.85%",-75,2.85,0.16877914628255
2026-11-03,2025-07-08,"3.10%",-50,3.1,0.185407812083797
2026-11-03,2025-07-08,"3.35%",-25,3.35,0.164847965499068
2026-11-03,2025-07-08,"3.60%",0,3.6,0.118626373366513
2026-11-03,2025-07-08,"3.85%",25,3.85,0.0690890610069036
2026-11-03,2025-07-08,"4.10%",50,4.1,0.0325648232238322
2026-11-03,2025-07-08,"4.35%",75,4.35,0.0124214909554511
2026-11-03,2025-07-08,"4.60%",100,4.6,0
2026-11-03,2025-07-08,"4.85%",125,4.85,0
2026-11-03,2025-07-08,"5.10%",150,5.1,0
2026-11-03,2025-07-08,"5.35%",175,5.35,0
2026-11-03,2025-07-08,"5.60%",200,5.6,0
2026-11-03,2025-07-08,"5.85%",225,5.85,0
2026-11-03,2025-07-08,"6.10%",250,6.1,0
2026-11-03,2025-07-09,"0.10%",-300,0.1,0
2026-11-03,2025-07-09,"0.35%",-300,0.35,0
2026-11-03,2025-07-09,"0.60%",-300,0.6,0
2026-11-03,2025-07-09,"0.85%",-275,0.85,0
2026-11-03,2025-07-09,"1.10%",-250,1.1,0
2026-11-03,2025-07-09,"1.35%",-225,1.35,0
2026-11-03,2025-07-09,"1.60%",-200,1.6,0
2026-11-03,2025-07-09,"1.85%",-175,1.85,0.0142036262449103
2026-11-03,2025-07-09,"2.10%",-150,2.1,0.0368674924367336
2026-11-03,2025-07-09,"2.35%",-125,2.35,0.0768959787592043
2026-11-03,2025-07-09,"2.60%",-100,2.6,0.128886456257769
2026-11-03,2025-07-09,"2.85%",-75,2.85,0.173609961989841
2026-11-03,2025-07-09,"3.10%",-50,3.1,0.187939235722355
2026-11-03,2025-07-09,"3.35%",-25,3.35,0.163507950725948
2026-11-03,2025-07-09,"3.60%",0,3.6,0.114322937528201
2026-11-03,2025-07-09,"3.85%",25,3.85,0.0642372418522251
2026-11-03,2025-07-09,"4.10%",50,4.1,0.0290052833337241
2026-11-03,2025-07-09,"4.35%",75,4.35,0.0105238351490887
2026-11-03,2025-07-09,"4.60%",100,4.6,0
2026-11-03,2025-07-09,"4.85%",125,4.85,0
2026-11-03,2025-07-09,"5.10%",150,5.1,0
2026-11-03,2025-07-09,"5.35%",175,5.35,0
2026-11-03,2025-07-09,"5.60%",200,5.6,0
2026-11-03,2025-07-09,"5.85%",225,5.85,0
2026-11-03,2025-07-09,"6.10%",250,6.1,0
2026-11-03,2025-07-10,"0.10%",-300,0.1,0
2026-11-03,2025-07-10,"0.35%",-300,0.35,0
2026-11-03,2025-07-10,"0.60%",-300,0.6,0
2026-11-03,2025-07-10,"0.85%",-275,0.85,0
2026-11-03,2025-07-10,"1.10%",-250,1.1,0
2026-11-03,2025-07-10,"1.35%",-225,1.35,0
2026-11-03,2025-07-10,"1.60%",-200,1.6,0
2026-11-03,2025-07-10,"1.85%",-175,1.85,0.01453927896717
2026-11-03,2025-07-10,"2.10%",-150,2.1,0.0373440662482462
2026-11-03,2025-07-10,"2.35%",-125,2.35,0.0772616629856665
2026-11-03,2025-07-10,"2.60%",-100,2.6,0.12876474415369
2026-11-03,2025-07-10,"2.85%",-75,2.85,0.172877935404367
2026-11-03,2025-07-10,"3.10%",-50,3.1,0.186983412954509
2026-11-03,2025-07-10,"3.35%",-25,3.35,0.162926049148595
2026-11-03,2025-07-10,"3.60%",0,3.6,0.114365916947969
2026-11-03,2025-07-10,"3.85%",25,3.85,0.0646707498485773
2026-11-03,2025-07-10,"4.10%",50,4.1,0.0294579850486256
2026-11-03,2025-07-10,"4.35%",75,4.35,0.0108081982925846
2026-11-03,2025-07-10,"4.60%",100,4.6,0
2026-11-03,2025-07-10,"4.85%",125,4.85,0
2026-11-03,2025-07-10,"5.10%",150,5.1,0
2026-11-03,2025-07-10,"5.35%",175,5.35,0
2026-11-03,2025-07-10,"5.60%",200,5.6,0
2026-11-03,2025-07-10,"5.85%",225,5.85,0
2026-11-03,2025-07-10,"6.10%",250,6.1,0
2026-11-03,2025-07-14,"0.10%",-300,0.1,0
2026-11-03,2025-07-14,"0.35%",-300,0.35,0
2026-11-03,2025-07-14,"0.60%",-300,0.6,0
2026-11-03,2025-07-14,"0.85%",-275,0.85,0
2026-11-03,2025-07-14,"1.10%",-250,1.1,0
2026-11-03,2025-07-14,"1.35%",-225,1.35,0
2026-11-03,2025-07-14,"1.60%",-200,1.6,0
2026-11-03,2025-07-14,"1.85%",-175,1.85,0
2026-11-03,2025-07-14,"2.10%",-150,2.1,0.0273306986177873
2026-11-03,2025-07-14,"2.35%",-125,2.35,0.0628086382013508
2026-11-03,2025-07-14,"2.60%",-100,2.6,0.114857864224083
2026-11-03,2025-07-14,"2.85%",-75,2.85,0.167148092823254
2026-11-03,2025-07-14,"3.10%",-50,3.1,0.193579021609157
2026-11-03,2025-07-14,"3.35%",-25,3.35,0.178417720585999
2026-11-03,2025-07-14,"3.60%",0,3.6,0.130869008469023
2026-11-03,2025-07-14,"3.85%",25,3.85,0.0763907546446104
2026-11-03,2025-07-14,"4.10%",50,4.1,0.0354834689590212
2026-11-03,2025-07-14,"4.35%",75,4.35,0.0131147318657135
2026-11-03,2025-07-14,"4.60%",100,4.6,0
2026-11-03,2025-07-14,"4.85%",125,4.85,0
2026-11-03,2025-07-14,"5.10%",150,5.1,0
2026-11-03,2025-07-14,"5.35%",175,5.35,0
2026-11-03,2025-07-14,"5.60%",200,5.6,0
2026-11-03,2025-07-14,"5.85%",225,5.85,0
2026-11-03,2025-07-14,"6.10%",250,6.1,0
2026-11-03,2025-07-15,"0.10%",-300,0.1,0
2026-11-03,2025-07-15,"0.35%",-300,0.35,0
2026-11-03,2025-07-15,"0.60%",-300,0.6,0
2026-11-03,2025-07-15,"0.85%",-275,0.85,0
2026-11-03,2025-07-15,"1.10%",-250,1.1,0
2026-11-03,2025-07-15,"1.35%",-225,1.35,0
2026-11-03,2025-07-15,"1.60%",-200,1.6,0
2026-11-03,2025-07-15,"1.85%",-175,1.85,0
2026-11-03,2025-07-15,"2.10%",-150,2.1,0.0235838509158389
2026-11-03,2025-07-15,"2.35%",-125,2.35,0.0573035064860566
2026-11-03,2025-07-15,"2.60%",-100,2.6,0.109684474903211
2026-11-03,2025-07-15,"2.85%",-75,2.85,0.165401370457346
2026-11-03,2025-07-15,"3.10%",-50,3.1,0.196509708462857
2026-11-03,2025-07-15,"3.35%",-25,3.35,0.183945338906644
2026-11-03,2025-07-15,"3.60%",0,3.6,0.13565943728212
2026-11-03,2025-07-15,"3.85%",25,3.85,0.0788228314644862
2026-11-03,2025-07-15,"4.10%",50,4.1,0.0360800718608702
2026-11-03,2025-07-15,"4.35%",75,4.35,0.0130094092605711
2026-11-03,2025-07-15,"4.60%",100,4.6,0
2026-11-03,2025-07-15,"4.85%",125,4.85,0
2026-11-03,2025-07-15,"5.10%",150,5.1,0
2026-11-03,2025-07-15,"5.35%",175,5.35,0
2026-11-03,2025-07-15,"5.60%",200,5.6,0
2026-11-03,2025-07-15,"5.85%",225,5.85,0
2026-11-03,2025-07-15,"6.10%",250,6.1,0
2026-11-03,2025-07-16,"0.10%",-300,0.1,0
2026-11-03,2025-07-16,"0.35%",-300,0.35,0
2026-11-03,2025-07-16,"0.60%",-300,0.6,0
2026-11-03,2025-07-16,"0.85%",-275,0.85,0
2026-11-03,2025-07-16,"1.10%",-250,1.1,0
2026-11-03,2025-07-16,"1.35%",-225,1.35,0
2026-11-03,2025-07-16,"1.60%",-200,1.6,0
2026-11-03,2025-07-16,"1.85%",-175,1.85,0
2026-11-03,2025-07-16,"2.10%",-150,2.1,0.0239939943839319
2026-11-03,2025-07-16,"2.35%",-125,2.35,0.0656738183788194
2026-11-03,2025-07-16,"2.60%",-100,2.6,0.132984320846661
2026-11-03,2025-07-16,"2.85%",-75,2.85,0.199250170408981
2026-11-03,2025-07-16,"3.10%",-50,3.1,0.220917050157541
2026-11-03,2025-07-16,"3.35%",-25,3.35,0.181260405309405
2026-11-03,2025-07-16,"3.60%",0,3.6,0.110052264331145
2026-11-03,2025-07-16,"3.85%",25,3.85,0.0494385412629132
2026-11-03,2025-07-16,"4.10%",50,4.1,0.0164294349206027
2026-11-03,2025-07-16,"4.35%",75,4.35,0
2026-11-03,2025-07-16,"4.60%",100,4.6,0
2026-11-03,2025-07-16,"4.85%",125,4.85,0
2026-11-03,2025-07-16,"5.10%",150,5.1,0
2026-11-03,2025-07-16,"5.35%",175,5.35,0
2026-11-03,2025-07-16,"5.60%",200,5.6,0
2026-11-03,2025-07-16,"5.85%",225,5.85,0
2026-11-03,2025-07-16,"6.10%",250,6.1,0
2026-11-03,2025-07-17,"0.10%",-300,0.1,0
2026-11-03,2025-07-17,"0.35%",-300,0.35,0
2026-11-03,2025-07-17,"0.60%",-300,0.6,0
2026-11-03,2025-07-17,"0.85%",-275,0.85,0
2026-11-03,2025-07-17,"1.10%",-250,1.1,0
2026-11-03,2025-07-17,"1.35%",-225,1.35,0
2026-11-03,2025-07-17,"1.60%",-200,1.6,0
2026-11-03,2025-07-17,"1.85%",-175,1.85,0.0112981067580563
2026-11-03,2025-07-17,"2.10%",-150,2.1,0.0341123267896148
2026-11-03,2025-07-17,"2.35%",-125,2.35,0.0791631777115235
2026-11-03,2025-07-17,"2.60%",-100,2.6,0.14122019124409
2026-11-03,2025-07-17,"2.85%",-75,2.85,0.193674031881949
2026-11-03,2025-07-17,"3.10%",-50,3.1,0.204206182374091
2026-11-03,2025-07-17,"3.35%",-25,3.35,0.16553619523127
2026-11-03,2025-07-17,"3.60%",0,3.6,0.10316420548835
2026-11-03,2025-07-17,"3.85%",25,3.85,0.0494247722761909
2026-11-03,2025-07-17,"4.10%",50,4.1,0.0182008102448647
2026-11-03,2025-07-17,"4.35%",75,4.35,0
2026-11-03,2025-07-17,"4.60%",100,4.6,0
2026-11-03,2025-07-17,"4.85%",125,4.85,0
2026-11-03,2025-07-17,"5.10%",150,5.1,0
2026-11-03,2025-07-17,"5.35%",175,5.35,0
2026-11-03,2025-07-17,"5.60%",200,5.6,0
2026-11-03,2025-07-17,"5.85%",225,5.85,0
2026-11-03,2025-07-17,"6.10%",250,6.1,0
2026-11-03,2025-07-20,"0.10%",-300,0.1,0
2026-11-03,2025-07-20,"0.35%",-300,0.35,0
2026-11-03,2025-07-20,"0.60%",-300,0.6,0
2026-11-03,2025-07-20,"0.85%",-275,0.85,0
2026-11-03,2025-07-20,"1.10%",-250,1.1,0
2026-11-03,2025-07-20,"1.35%",-225,1.35,0
2026-11-03,2025-07-20,"1.60%",-200,1.6,0
2026-11-03,2025-07-20,"1.85%",-175,1.85,0.0148004326190524
2026-11-03,2025-07-20,"2.10%",-150,2.1,0.0390749009493461
2026-11-03,2025-07-20,"2.35%",-125,2.35,0.0820555552185925
2026-11-03,2025-07-20,"2.60%",-100,2.6,0.137068326283977
2026-11-03,2025-07-20,"2.85%",-75,2.85,0.182141192300071
2026-11-03,2025-07-20,"3.10%",-50,3.1,0.192545812155706
2026-11-03,2025-07-20,"3.35%",-25,3.35,0.161926284588252
2026-11-03,2025-07-20,"3.60%",0,3.6,0.10833034100733
2026-11-03,2025-07-20,"3.85%",25,3.85,0.0576519824896808
2026-11-03,2025-07-20,"4.10%",50,4.1,0.0244051723879917
2026-11-03,2025-07-20,"4.35%",75,4.35,0
2026-11-03,2025-07-20,"4.60%",100,4.6,0
2026-11-03,2025-07-20,"4.85%",125,4.85,0
2026-11-03,2025-07-20,"5.10%",150,5.1,0
2026-11-03,2025-07-20,"5.35%",175,5.35,0
2026-11-03,2025-07-20,"5.60%",200,5.6,0
2026-11-03,2025-07-20,"5.85%",225,5.85,0
2026-11-03,2025-07-20,"6.10%",250,6.1,0
2026-11-03,2025-07-21,"0.10%",-300,0.1,0
2026-11-03,2025-07-21,"0.35%",-300,0.35,0
2026-11-03,2025-07-21,"0.60%",-300,0.6,0
2026-11-03,2025-07-21,"0.85%",-275,0.85,0
2026-11-03,2025-07-21,"1.10%",-250,1.1,0
2026-11-03,2025-07-21,"1.35%",-225,1.35,0
2026-11-03,2025-07-21,"1.60%",-200,1.6,0
2026-11-03,2025-07-21,"1.85%",-175,1.85,0.0158305529524034
2026-11-03,2025-07-21,"2.10%",-150,2.1,0.0401179486018158
2026-11-03,2025-07-21,"2.35%",-125,2.35,0.081819092720737
2026-11-03,2025-07-21,"2.60%",-100,2.6,0.134298301621619
2026-11-03,2025-07-21,"2.85%",-75,2.85,0.177421072111272
2026-11-03,2025-07-21,"3.10%",-50,3.1,0.188655495496784
2026-11-03,2025-07-21,"3.35%",-25,3.35,0.161460276699302
2026-11-03,2025-07-21,"3.60%",0,3.6,0.111221270229245
2026-11-03,2025-07-21,"3.85%",25,3.85,0.061662566624884
2026-11-03,2025-07-21,"4.10%",50,4.1,0.0275134229419379
2026-11-03,2025-07-21,"4.35%",75,4.35,0
2026-11-03,2025-07-21,"4.60%",100,4.6,0
2026-11-03,2025-07-21,"4.85%",125,4.85,0
2026-11-03,2025-07-21,"5.10%",150,5.1,0
2026-11-03,2025-07-21,"5.35%",175,5.35,0
2026-11-03,2025-07-21,"5.60%",200,5.6,0
2026-11-03,2025-07-21,"5.85%",225,5.85,0
2026-11-03,2025-07-21,"6.10%",250,6.1,0
2026-11-03,2025-07-22,"0.10%",-300,0.1,0
2026-11-03,2025-07-22,"0.35%",-300,0.35,0
2026-11-03,2025-07-22,"0.60%",-300,0.6,0
2026-11-03,2025-07-22,"0.85%",-275,0.85,0
2026-11-03,2025-07-22,"1.10%",-250,1.1,0
2026-11-03,2025-07-22,"1.35%",-225,1.35,0
2026-11-03,2025-07-22,"1.60%",-200,1.6,0
2026-11-03,2025-07-22,"1.85%",-175,1.85,0
2026-11-03,2025-07-22,"2.10%",-150,2.1,0.0286973161291286
2026-11-03,2025-07-22,"2.35%",-125,2.35,0.0734104438137891
2026-11-03,2025-07-22,"2.60%",-100,2.6,0.140532106268292
2026-11-03,2025-07-22,"2.85%",-75,2.85,0.201350787384684
2026-11-03,2025-07-22,"3.10%",-50,3.1,0.21593577612507
2026-11-03,2025-07-22,"3.35%",-25,3.35,0.173338857797947
2026-11-03,2025-07-22,"3.60%",0,3.6,0.10414699904427
2026-11-03,2025-07-22,"3.85%",25,3.85,0.0468306563669146
2026-11-03,2025-07-22,"4.10%",50,4.1,0.0157570570699053
2026-11-03,2025-07-22,"4.35%",75,4.35,0
2026-11-03,2025-07-22,"4.60%",100,4.6,0
2026-11-03,2025-07-22,"4.85%",125,4.85,0
2026-11-03,2025-07-22,"5.10%",150,5.1,0
2026-11-03,2025-07-22,"5.35%",175,5.35,0
2026-11-03,2025-07-22,"5.60%",200,5.6,0
2026-11-03,2025-07-22,"5.85%",225,5.85,0
2026-11-03,2025-07-22,"6.10%",250,6.1,0
2026-11-03,2025-07-23,"0.10%",-300,0.1,0
2026-11-03,2025-07-23,"0.35%",-300,0.35,0
2026-11-03,2025-07-23,"0.60%",-300,0.6,0
2026-11-03,2025-07-23,"0.85%",-275,0.85,0
2026-11-03,2025-07-23,"1.10%",-250,1.1,0
2026-11-03,2025-07-23,"1.35%",-225,1.35,0
2026-11-03,2025-07-23,"1.60%",-200,1.6,0
2026-11-03,2025-07-23,"1.85%",-175,1.85,0.0118566554326865
2026-11-03,2025-07-23,"2.10%",-150,2.1,0.0324883040346882
2026-11-03,2025-07-23,"2.35%",-125,2.35,0.0710110733559218
2026-11-03,2025-07-23,"2.60%",-100,2.6,0.123820340226261
2026-11-03,2025-07-23,"2.85%",-75,2.85,0.172245783806896
2026-11-03,2025-07-23,"3.10%",-50,3.1,0.191165829976487
2026-11-03,2025-07-23,"3.35%",-25,3.35,0.169270612403392
2026-11-03,2025-07-23,"3.60%",0,3.6,0.119579617749042
2026-11-03,2025-07-23,"3.85%",25,3.85,0.0673941097374429
2026-11-03,2025-07-23,"4.10%",50,4.1,0.0303006109896929
2026-11-03,2025-07-23,"4.35%",75,4.35,0.0108670622874898
2026-11-03,2025-07-23,"4.60%",100,4.6,0
2026-11-03,2025-07-23,"4.85%",125,4.85,0
2026-11-03,2025-07-23,"5.10%",150,5.1,0
2026-11-03,2025-07-23,"5.35%",175,5.35,0
2026-11-03,2025-07-23,"5.60%",200,5.6,0
2026-11-03,2025-07-23,"5.85%",225,5.85,0
2026-11-03,2025-07-23,"6.10%",250,6.1,0
2026-11-03,2025-07-24,"0.10%",-300,0.1,0
2026-11-03,2025-07-24,"0.35%",-300,0.35,0
2026-11-03,2025-07-24,"0.60%",-300,0.6,0
2026-11-03,2025-07-24,"0.85%",-275,0.85,0
2026-11-03,2025-07-24,"1.10%",-250,1.1,0
2026-11-03,2025-07-24,"1.35%",-225,1.35,0
2026-11-03,2025-07-24,"1.60%",-200,1.6,0
2026-11-03,2025-07-24,"1.85%",-175,1.85,0.0121268437312221
2026-11-03,2025-07-24,"2.10%",-150,2.1,0.0320646336490061
2026-11-03,2025-07-24,"2.35%",-125,2.35,0.0685048555257704
2026-11-03,2025-07-24,"2.60%",-100,2.6,0.118265923432972
2026-11-03,2025-07-24,"2.85%",-75,2.85,0.164991163692325
2026-11-03,2025-07-24,"3.10%",-50,3.1,0.186010155466886
2026-11-03,2025-07-24,"3.35%",-25,3.35,0.169469652364932
2026-11-03,2025-07-24,"3.60%",0,3.6,0.124773717448187
2026-11-03,2025-07-24,"3.85%",25,3.85,0.07423676145636
2026-11-03,2025-07-24,"4.10%",50,4.1,0.0356911860568773
2026-11-03,2025-07-24,"4.35%",75,4.35,0.0138651071754622
2026-11-03,2025-07-24,"4.60%",100,4.6,0
2026-11-03,2025-07-24,"4.85%",125,4.85,0
2026-11-03,2025-07-24,"5.10%",150,5.1,0
2026-11-03,2025-07-24,"5.35%",175,5.35,0
2026-11-03,2025-07-24,"5.60%",200,5.6,0
2026-11-03,2025-07-24,"5.85%",225,5.85,0
2026-11-03,2025-07-24,"6.10%",250,6.1,0
2026-11-03,2025-07-27,"0.10%",-300,0.1,0
2026-11-03,2025-07-27,"0.35%",-300,0.35,0
2026-11-03,2025-07-27,"0.60%",-300,0.6,0
2026-11-03,2025-07-27,"0.85%",-275,0.85,0
2026-11-03,2025-07-27,"1.10%",-250,1.1,0
2026-11-03,2025-07-27,"1.35%",-225,1.35,0
2026-11-03,2025-07-27,"1.60%",-200,1.6,0
2026-11-03,2025-07-27,"1.85%",-175,1.85,0.0156869849128212
2026-11-03,2025-07-27,"2.10%",-150,2.1,0.0371098459506186
2026-11-03,2025-07-27,"2.35%",-125,2.35,0.0726877419356083
2026-11-03,2025-07-27,"2.60%",-100,2.6,0.117888655366741
2026-11-03,2025-07-27,"2.85%",-75,2.85,0.158319244251139
2026-11-03,2025-07-27,"3.10%",-50,3.1,0.176057160397858
2026-11-03,2025-07-27,"3.35%",-25,3.35,0.162119278508291
2026-11-03,2025-07-27,"3.60%",0,3.6,0.123615953618217
2026-11-03,2025-07-27,"3.85%",25,3.85,0.0780488365274145
2026-11-03,2025-07-27,"4.10%",50,4.1,0.040803640781588
2026-11-03,2025-07-27,"4.35%",75,4.35,0.0176626577497041
2026-11-03,2025-07-27,"4.60%",100,4.6,0
2026-11-03,2025-07-27,"4.85%",125,4.85,0
2026-11-03,2025-07-27,"5.10%",150,5.1,0
2026-11-03,2025-07-27,"5.35%",175,5.35,0
2026-11-03,2025-07-27,"5.60%",200,5.6,0
2026-11-03,2025-07-27,"5.85%",225,5.85,0
2026-11-03,2025-07-27,"6.10%",250,6.1,0
2026-11-03,2025-07-28,"0.10%",-300,0.1,0
2026-11-03,2025-07-28,"0.35%",-300,0.35,0
2026-11-03,2025-07-28,"0.60%",-300,0.6,0
2026-11-03,2025-07-28,"0.85%",-275,0.85,0
2026-11-03,2025-07-28,"1.10%",-250,1.1,0
2026-11-03,2025-07-28,"1.35%",-225,1.35,0
2026-11-03,2025-07-28,"1.60%",-200,1.6,0
2026-11-03,2025-07-28,"1.85%",-175,1.85,0.0182659263205486
2026-11-03,2025-07-28,"2.10%",-150,2.1,0.0413314619188377
2026-11-03,2025-07-28,"2.35%",-125,2.35,0.0778773061705153
2026-11-03,2025-07-28,"2.60%",-100,2.6,0.122193007418681
2026-11-03,2025-07-28,"2.85%",-75,2.85,0.159660439217421
2026-11-03,2025-07-28,"3.10%",-50,3.1,0.173728060201175
2026-11-03,2025-07-28,"3.35%",-25,3.35,0.157422302026333
2026-11-03,2025-07-28,"3.60%",0,3.6,0.118791100664964
2026-11-03,2025-07-28,"3.85%",25,3.85,0.0746477014822657
2026-11-03,2025-07-28,"4.10%",50,4.1,0.0390618938465595
2026-11-03,2025-07-28,"4.35%",75,4.35,0.017020800732699
2026-11-03,2025-07-28,"4.60%",100,4.6,0
2026-11-03,2025-07-28,"4.85%",125,4.85,0
2026-11-03,2025-07-28,"5.10%",150,5.1,0
2026-11-03,2025-07-28,"5.35%",175,5.35,0
2026-11-03,2025-07-28,"5.60%",200,5.6,0
2026-11-03,2025-07-28,"5.85%",225,5.85,0
2026-11-03,2025-07-28,"6.10%",250,6.1,0
2026-11-03,2025-07-29,"0.10%",-300,0.1,0
2026-11-03,2025-07-29,"0.35%",-300,0.35,0
2026-11-03,2025-07-29,"0.60%",-300,0.6,0
2026-11-03,2025-07-29,"0.85%",-275,0.85,0
2026-11-03,2025-07-29,"1.10%",-250,1.1,0
2026-11-03,2025-07-29,"1.35%",-225,1.35,0
2026-11-03,2025-07-29,"1.60%",-200,1.6,0
2026-11-03,2025-07-29,"1.85%",-175,1.85,0.019383775981464
2026-11-03,2025-07-29,"2.10%",-150,2.1,0.0451899648866928
2026-11-03,2025-07-29,"2.35%",-125,2.35,0.0862067755957446
2026-11-03,2025-07-29,"2.60%",-100,2.6,0.134572289945605
2026-11-03,2025-07-29,"2.85%",-75,2.85,0.171908800267935
2026-11-03,2025-07-29,"3.10%",-50,3.1,0.179711654436077
2026-11-03,2025-07-29,"3.35%",-25,3.35,0.153741600024988
2026-11-03,2025-07-29,"3.60%",0,3.6,0.107631356950965
2026-11-03,2025-07-29,"3.85%",25,3.85,0.0616605967847953
2026-11-03,2025-07-29,"4.10%",50,4.1,0.0289055696652138
2026-11-03,2025-07-29,"4.35%",75,4.35,0.0110876154605196
2026-11-03,2025-07-29,"4.60%",100,4.6,0
2026-11-03,2025-07-29,"4.85%",125,4.85,0
2026-11-03,2025-07-29,"5.10%",150,5.1,0
2026-11-03,2025-07-29,"5.35%",175,5.35,0
2026-11-03,2025-07-29,"5.60%",200,5.6,0
2026-11-03,2025-07-29,"5.85%",225,5.85,0
2026-11-03,2025-07-29,"6.10%",250,6.1,0
2026-11-03,2025-07-30,"0.10%",-300,0.1,0
2026-11-03,2025-07-30,"0.35%",-300,0.35,0
2026-11-03,2025-07-30,"0.60%",-300,0.6,0
2026-11-03,2025-07-30,"0.85%",-275,0.85,0
2026-11-03,2025-07-30,"1.10%",-250,1.1,0
2026-11-03,2025-07-30,"1.35%",-225,1.35,0
2026-11-03,2025-07-30,"1.60%",-200,1.6,0
2026-11-03,2025-07-30,"1.85%",-175,1.85,0.0208142632175293
2026-11-03,2025-07-30,"2.10%",-150,2.1,0.0455887384585056
2026-11-03,2025-07-30,"2.35%",-125,2.35,0.0833504056692325
2026-11-03,2025-07-30,"2.60%",-100,2.6,0.127210947608002
2026-11-03,2025-07-30,"2.85%",-75,2.85,0.162075414388227
2026-11-03,2025-07-30,"3.10%",-50,3.1,0.172381649245156
2026-11-03,2025-07-30,"3.35%",-25,3.35,0.153055002620693
2026-11-03,2025-07-30,"3.60%",0,3.6,0.113444643652496
2026-11-03,2025-07-30,"3.85%",25,3.85,0.0701930034564869
2026-11-03,2025-07-30,"4.10%",50,4.1,0.036254886793719
2026-11-03,2025-07-30,"4.35%",75,4.35,0.0156310448899523
2026-11-03,2025-07-30,"4.60%",100,4.6,0
2026-11-03,2025-07-30,"4.85%",125,4.85,0
2026-11-03,2025-07-30,"5.10%",150,5.1,0
2026-11-03,2025-07-30,"5.35%",175,5.35,0
2026-11-03,2025-07-30,"5.60%",200,5.6,0
2026-11-03,2025-07-30,"5.85%",225,5.85,0
2026-11-03,2025-07-30,"6.10%",250,6.1,0
2026-11-03,2025-07-31,"0.10%",-300,0.1,0
2026-11-03,2025-07-31,"0.35%",-300,0.35,0
2026-11-03,2025-07-31,"0.60%",-300,0.6,0
2026-11-03,2025-07-31,"0.85%",-275,0.85,0
2026-11-03,2025-07-31,"1.10%",-250,1.1,0
2026-11-03,2025-07-31,"1.35%",-225,1.35,0
2026-11-03,2025-07-31,"1.60%",-200,1.6,0
2026-11-03,2025-07-31,"1.85%",-175,1.85,0.0121873676756622
2026-11-03,2025-07-31,"2.10%",-150,2.1,0.0324916214940535
2026-11-03,2025-07-31,"2.35%",-125,2.35,0.0697279965082448
2026-11-03,2025-07-31,"2.60%",-100,2.6,0.120460749129044
2026-11-03,2025-07-31,"2.85%",-75,2.85,0.167535633198022
2026-11-03,2025-07-31,"3.10%",-50,3.1,0.18758787238259
2026-11-03,2025-07-31,"3.35%",-25,3.35,0.169099621918312
2026-11-03,2025-07-31,"3.60%",0,3.6,0.122720413291505
2026-11-03,2025-07-31,"3.85%",25,3.85,0.0716993058244588
2026-11-03,2025-07-31,"4.10%",50,4.1,0.0337222628692478
2026-11-03,2025-07-31,"4.35%",75,4.35,0.0127671557088592
2026-11-03,2025-07-31,"4.60%",100,4.6,0
2026-11-03,2025-07-31,"4.85%",125,4.85,0
2026-11-03,2025-07-31,"5.10%",150,5.1,0
2026-11-03,2025-07-31,"5.35%",175,5.35,0
2026-11-03,2025-07-31,"5.60%",200,5.6,0
2026-11-03,2025-07-31,"5.85%",225,5.85,0
2026-11-03,2025-07-31,"6.10%",250,6.1,0
2026-11-03,2025-08-01,"0.10%",-300,0.1,0
2026-11-03,2025-08-01,"0.35%",-300,0.35,0
2026-11-03,2025-08-01,"0.60%",-300,0.6,0
2026-11-03,2025-08-01,"0.85%",-275,0.85,0
2026-11-03,2025-08-01,"1.10%",-250,1.1,0
2026-11-03,2025-08-01,"1.35%",-225,1.35,0
2026-11-03,2025-08-01,"1.60%",-200,1.6,0
2026-11-03,2025-08-01,"1.85%",-175,1.85,0.021396507688675
2026-11-03,2025-08-01,"2.10%",-150,2.1,0.0444963279032439
2026-11-03,2025-08-01,"2.35%",-125,2.35,0.0786983965120928
2026-11-03,2025-08-01,"2.60%",-100,2.6,0.118379605739378
2026-11-03,2025-08-01,"2.85%",-75,2.85,0.151448024840109
2026-11-03,2025-08-01,"3.10%",-50,3.1,0.164789663591202
2026-11-03,2025-08-01,"3.35%",-25,3.35,0.152502616660543
2026-11-03,2025-08-01,"3.60%",0,3.6,0.12003402334286
2026-11-03,2025-08-01,"3.85%",25,3.85,0.0803539757161419
2026-11-03,2025-08-01,"4.10%",50,4.1,0.0457488304049603
2026-11-03,2025-08-01,"4.35%",75,4.35,0.0221520276007944
2026-11-03,2025-08-01,"4.60%",100,4.6,0
2026-11-03,2025-08-01,"4.85%",125,4.85,0
2026-11-03,2025-08-01,"5.10%",150,5.1,0
2026-11-03,2025-08-01,"5.35%",175,5.35,0
2026-11-03,2025-08-01,"5.60%",200,5.6,0
2026-11-03,2025-08-01,"5.85%",225,5.85,0
2026-11-03,2025-08-01,"6.10%",250,6.1,0
2026-11-03,2025-08-03,"0.10%",-300,0.1,0
2026-11-03,2025-08-03,"0.35%",-300,0.35,0
2026-11-03,2025-08-03,"0.60%",-300,0.6,0
2026-11-03,2025-08-03,"0.85%",-275,0.85,0
2026-11-03,2025-08-03,"1.10%",-250,1.1,0
2026-11-03,2025-08-03,"1.35%",-225,1.35,0
2026-11-03,2025-08-03,"1.60%",-200,1.6,0.0185999300784023
2026-11-03,2025-08-03,"1.85%",-175,1.85,0.0354001916441216
2026-11-03,2025-08-03,"2.10%",-150,2.1,0.0596450207703497
2026-11-03,2025-08-03,"2.35%",-125,2.35,0.0889652682500481
2026-11-03,2025-08-03,"2.60%",-100,2.6,0.117475463487165
2026-11-03,2025-08-03,"2.85%",-75,2.85,0.137327046147209
2026-11-03,2025-08-03,"3.10%",-50,3.1,0.142117734781416
2026-11-03,2025-08-03,"3.35%",-25,3.35,0.130203899767686
2026-11-03,2025-08-03,"3.60%",0,3.6,0.105604551294104
2026-11-03,2025-08-03,"3.85%",25,3.85,0.0758268127912315
2026-11-03,2025-08-03,"4.10%",50,4.1,0.0481994718055784
2026-11-03,2025-08-03,"4.35%",75,4.35,0.0271230213250102
2026-11-03,2025-08-03,"4.60%",100,4.6,0.0135115878576785
2026-11-03,2025-08-03,"4.85%",125,4.85,0
2026-11-03,2025-08-03,"5.10%",150,5.1,0
2026-11-03,2025-08-03,"5.35%",175,5.35,0
2026-11-03,2025-08-03,"5.60%",200,5.6,0
2026-11-03,2025-08-03,"5.85%",225,5.85,0
2026-11-03,2025-08-03,"6.10%",250,6.1,0
2026-11-03,2025-08-04,"0.10%",-300,0.1,0
2026-11-03,2025-08-04,"0.35%",-300,0.35,0
2026-11-03,2025-08-04,"0.60%",-300,0.6,0
2026-11-03,2025-08-04,"0.85%",-275,0.85,0
2026-11-03,2025-08-04,"1.10%",-250,1.1,0
2026-11-03,2025-08-04,"1.35%",-225,1.35,0.0125594242790591
2026-11-03,2025-08-04,"1.60%",-200,1.6,0.0242546249579117
2026-11-03,2025-08-04,"1.85%",-175,1.85,0.0420798611691761
2026-11-03,2025-08-04,"2.10%",-150,2.1,0.0655860372314107
2026-11-03,2025-08-04,"2.35%",-125,2.35,0.0918349168318842
2026-11-03,2025-08-04,"2.60%",-100,2.6,0.115522122295611
2026-11-03,2025-08-04,"2.85%",-75,2.85,0.130552261741492
2026-11-03,2025-08-04,"3.10%",-50,3.1,0.132545845129117
2026-11-03,2025-08-04,"3.35%",-25,3.35,0.120895568963329
2026-11-03,2025-08-04,"3.60%",0,3.6,0.0990642087343518
2026-11-03,2025-08-04,"3.85%",25,3.85,0.0729263347517613
2026-11-03,2025-08-04,"4.10%",50,4.1,0.0482293967958183
2026-11-03,2025-08-04,"4.35%",75,4.35,0.0286547908902239
2026-11-03,2025-08-04,"4.60%",100,4.6,0.015294606228854
2026-11-03,2025-08-04,"4.85%",125,4.85,0
2026-11-03,2025-08-04,"5.10%",150,5.1,0
2026-11-03,2025-08-04,"5.35%",175,5.35,0
2026-11-03,2025-08-04,"5.60%",200,5.6,0
2026-11-03,2025-08-04,"5.85%",225,5.85,0
2026-11-03,2025-08-04,"6.10%",250,6.1,0
2026-11-03,2025-08-05,"0.10%",-300,0.1,0
2026-11-03,2025-08-05,"0.35%",-300,0.35,0
2026-11-03,2025-08-05,"0.60%",-300,0.6,0
2026-11-03,2025-08-05,"0.85%",-275,0.85,0
2026-11-03,2025-08-05,"1.10%",-250,1.1,0
2026-11-03,2025-08-05,"1.35%",-225,1.35,0
2026-11-03,2025-08-05,"1.60%",-200,1.6,0
2026-11-03,2025-08-05,"1.85%",-175,1.85,0.0242730058634076
2026-11-03,2025-08-05,"2.10%",-150,2.1,0.0503431529643182
2026-11-03,2025-08-05,"2.35%",-125,2.35,0.0879780106714307
2026-11-03,2025-08-05,"2.60%",-100,2.6,0.129549287215981
2026-11-03,2025-08-05,"2.85%",-75,2.85,0.160742348243345
2026-11-03,2025-08-05,"3.10%",-50,3.1,0.16805987731979
2026-11-03,2025-08-05,"3.35%",-25,3.35,0.148059769886351
2026-11-03,2025-08-05,"3.60%",0,3.6,0.109912478306448
2026-11-03,2025-08-05,"3.85%",25,3.85,0.0687524600460588
2026-11-03,2025-08-05,"4.10%",50,4.1,0.0362369873318
2026-11-03,2025-08-05,"4.35%",75,4.35,0.0160926221510702
2026-11-03,2025-08-05,"4.60%",100,4.6,0
2026-11-03,2025-08-05,"4.85%",125,4.85,0
2026-11-03,2025-08-05,"5.10%",150,5.1,0
2026-11-03,2025-08-05,"5.35%",175,5.35,0
2026-11-03,2025-08-05,"5.60%",200,5.6,0
2026-11-03,2025-08-05,"5.85%",225,5.85,0
2026-11-03,2025-08-05,"6.10%",250,6.1,0
2026-11-03,2025-08-06,"0.10%",-300,0.1,0
2026-11-03,2025-08-06,"0.35%",-300,0.35,0
2026-11-03,2025-08-06,"0.60%",-300,0.6,0
2026-11-03,2025-08-06,"0.85%",-275,0.85,0
2026-11-03,2025-08-06,"1.10%",-250,1.1,0
2026-11-03,2025-08-06,"1.35%",-225,1.35,0
2026-11-03,2025-08-06,"1.60%",-200,1.6,0
2026-11-03,2025-08-06,"1.85%",-175,1.85,0.0241093549761094
2026-11-03,2025-08-06,"2.10%",-150,2.1,0.0510871631937604
2026-11-03,2025-08-06,"2.35%",-125,2.35,0.0904542574618667
2026-11-03,2025-08-06,"2.60%",-100,2.6,0.133828749791858
2026-11-03,2025-08-06,"2.85%",-75,2.85,0.165455596401552
2026-11-03,2025-08-06,"3.10%",-50,3.1,0.170934509841258
2026-11-03,2025-08-06,"3.35%",-25,3.35,0.147568954709501
2026-11-03,2025-08-06,"3.60%",0,3.6,0.106456946919701
2026-11-03,2025-08-06,"3.85%",25,3.85,0.064174086843556
2026-11-03,2025-08-06,"4.10%",50,4.1,0.0323252018339929
2026-11-03,2025-08-06,"4.35%",75,4.35,0.0136051780268434
2026-11-03,2025-08-06,"4.60%",100,4.6,0
2026-11-03,2025-08-06,"4.85%",125,4.85,0
2026-11-03,2025-08-06,"5.10%",150,5.1,0
2026-11-03,2025-08-06,"5.35%",175,5.35,0
2026-11-03,2025-08-06,"5.60%",200,5.6,0
2026-11-03,2025-08-06,"5.85%",225,5.85,0
2026-11-03,2025-08-06,"6.10%",250,6.1,0
2026-11-03,2025-08-07,"0.10%",-300,0.1,0
2026-11-03,2025-08-07,"0.35%",-300,0.35,0
2026-11-03,2025-08-07,"0.60%",-300,0.6,0
2026-11-03,2025-08-07,"0.85%",-275,0.85,0
2026-11-03,2025-08-07,"1.10%",-250,1.1,0
2026-11-03,2025-08-07,"1.35%",-225,1.35,0
2026-11-03,2025-08-07,"1.60%",-200,1.6,0
2026-11-03,2025-08-07,"1.85%",-175,1.85,0.020071521625932
2026-11-03,2025-08-07,"2.10%",-150,2.1,0.0453534084656996
2026-11-03,2025-08-07,"2.35%",-125,2.35,0.0847090685172486
2026-11-03,2025-08-07,"2.60%",-100,2.6,0.13078442118491
2026-11-03,2025-08-07,"2.85%",-75,2.85,0.166916556222843
2026-11-03,2025-08-07,"3.10%",-50,3.1,0.176102873792117
2026-11-03,2025-08-07,"3.35%",-25,3.35,0.153588427495839
2026-11-03,2025-08-07,"3.60%",0,3.6,0.110731709537071
2026-11-03,2025-08-07,"3.85%",25,3.85,0.0659930977078975
2026-11-03,2025-08-07,"4.10%",50,4.1,0.0325105869475426
2026-11-03,2025-08-07,"4.35%",75,4.35,0.0132383285029012
2026-11-03,2025-08-07,"4.60%",100,4.6,0
2026-11-03,2025-08-07,"4.85%",125,4.85,0
2026-11-03,2025-08-07,"5.10%",150,5.1,0
2026-11-03,2025-08-07,"5.35%",175,5.35,0
2026-11-03,2025-08-07,"5.60%",200,5.6,0
2026-11-03,2025-08-07,"5.85%",225,5.85,0
2026-11-03,2025-08-07,"6.10%",250,6.1,0
2026-11-03,2025-08-10,"0.10%",-300,0.1,0
2026-11-03,2025-08-10,"0.35%",-300,0.35,0
2026-11-03,2025-08-10,"0.60%",-300,0.6,0
2026-11-03,2025-08-10,"0.85%",-275,0.85,0
2026-11-03,2025-08-10,"1.10%",-250,1.1,0
2026-11-03,2025-08-10,"1.35%",-225,1.35,0
2026-11-03,2025-08-10,"1.60%",-200,1.6,0
2026-11-03,2025-08-10,"1.85%",-175,1.85,0.0206288844806884
2026-11-03,2025-08-10,"2.10%",-150,2.1,0.046459355135447
2026-11-03,2025-08-10,"2.35%",-125,2.35,0.0864010091326166
2026-11-03,2025-08-10,"2.60%",-100,2.6,0.132687069742198
2026-11-03,2025-08-10,"2.85%",-75,2.85,0.168272733191974
2026-11-03,2025-08-10,"3.10%",-50,3.1,0.176230276542473
2026-11-03,2025-08-10,"3.35%",-25,3.35,0.152415856071017
2026-11-03,2025-08-10,"3.60%",0,3.6,0.108857608000878
2026-11-03,2025-08-10,"3.85%",25,3.85,0.0642033356420193
2026-11-03,2025-08-10,"4.10%",50,4.1,0.0312689197301352
2026-11-03,2025-08-10,"4.35%",75,4.35,0.012574952330553
2026-11-03,2025-08-10,"4.60%",100,4.6,0
2026-11-03,2025-08-10,"4.85%",125,4.85,0
2026-11-03,2025-08-10,"5.10%",150,5.1,0
2026-11-03,2025-08-10,"5.35%",175,5.35,0
2026-11-03,2025-08-10,"5.60%",200,5.6,0
2026-11-03,2025-08-10,"5.85%",225,5.85,0
2026-11-03,2025-08-10,"6.10%",250,6.1,0
2026-11-03,2025-08-11,"0.10%",-300,0.1,0
2026-11-03,2025-08-11,"0.35%",-300,0.35,0
2026-11-03,2025-08-11,"0.60%",-300,0.6,0
2026-11-03,2025-08-11,"0.85%",-275,0.85,0
2026-11-03,2025-08-11,"1.10%",-250,1.1,0
2026-11-03,2025-08-11,"1.35%",-225,1.35,0
2026-11-03,2025-08-11,"1.60%",-200,1.6,0
2026-11-03,2025-08-11,"1.85%",-175,1.85,0.0219816262295328
2026-11-03,2025-08-11,"2.10%",-150,2.1,0.0487261164662069
2026-11-03,2025-08-11,"2.35%",-125,2.35,0.0892831017945944
2026-11-03,2025-08-11,"2.60%",-100,2.6,0.135237633195503
2026-11-03,2025-08-11,"2.85%",-75,2.85,0.169339140538112
2026-11-03,2025-08-11,"3.10%",-50,3.1,0.175288925283123
2026-11-03,2025-08-11,"3.35%",-25,3.35,0.149999510975714
2026-11-03,2025-08-11,"3.60%",0,3.6,0.106110751711107
2026-11-03,2025-08-11,"3.85%",25,3.85,0.0620517713662308
2026-11-03,2025-08-11,"4.10%",50,4.1,0.0299958071425157
2026-11-03,2025-08-11,"4.35%",75,4.35,0.0119856152973613
2026-11-03,2025-08-11,"4.60%",100,4.6,0
2026-11-03,2025-08-11,"4.85%",125,4.85,0
2026-11-03,2025-08-11,"5.10%",150,5.1,0
2026-11-03,2025-08-11,"5.35%",175,5.35,0
2026-11-03,2025-08-11,"5.60%",200,5.6,0
2026-11-03,2025-08-11,"5.85%",225,5.85,0
2026-11-03,2025-08-11,"6.10%",250,6.1,0
2026-11-03,2025-08-12,"0.10%",-300,0.1,0
2026-11-03,2025-08-12,"0.35%",-300,0.35,0
2026-11-03,2025-08-12,"0.60%",-300,0.6,0
2026-11-03,2025-08-12,"0.85%",-275,0.85,0
2026-11-03,2025-08-12,"1.10%",-250,1.1,0
2026-11-03,2025-08-12,"1.35%",-225,1.35,0
2026-11-03,2025-08-12,"1.60%",-200,1.6,0
2026-11-03,2025-08-12,"1.85%",-175,1.85,0.025383785779646
2026-11-03,2025-08-12,"2.10%",-150,2.1,0.0539687582745973
2026-11-03,2025-08-12,"2.35%",-125,2.35,0.09529160121537
2026-11-03,2025-08-12,"2.60%",-100,2.6,0.139735382499151
2026-11-03,2025-08-12,"2.85%",-75,2.85,0.170179352407949
2026-11-03,2025-08-12,"3.10%",-50,3.1,0.172131682234134
2026-11-03,2025-08-12,"3.35%",-25,3.35,0.14460007002424
2026-11-03,2025-08-12,"3.60%",0,3.6,0.100884798690242
2026-11-03,2025-08-12,"3.85%",25,3.85,0.0584552983725454
2026-11-03,2025-08-12,"4.10%",50,4.1,0.0281287262550123
2026-11-03,2025-08-12,"4.35%",75,4.35,0.011240544247113
2026-11-03,2025-08-12,"4.60%",100,4.6,0
2026-11-03,2025-08-12,"4.85%",125,4.85,0
2026-11-03,2025-08-12,"5.10%",150,5.1,0
2026-11-03,2025-08-12,"5.35%",175,5.35,0
2026-11-03,2025-08-12,"5.60%",200,5.6,0
2026-11-03,2025-08-12,"5.85%",225,5.85,0
2026-11-03,2025-08-12,"6.10%",250,6.1,0
2026-11-03,2025-08-13,"0.10%",-300,0.1,0
2026-11-03,2025-08-13,"0.35%",-300,0.35,0
2026-11-03,2025-08-13,"0.60%",-300,0.6,0
2026-11-03,2025-08-13,"0.85%",-275,0.85,0
2026-11-03,2025-08-13,"1.10%",-250,1.1,0
2026-11-03,2025-08-13,"1.35%",-225,1.35,0
2026-11-03,2025-08-13,"1.60%",-200,1.6,0
2026-11-03,2025-08-13,"1.85%",-175,1.85,0.0231440332239636
2026-11-03,2025-08-13,"2.10%",-150,2.1,0.0525777021692968
2026-11-03,2025-08-13,"2.35%",-125,2.35,0.0972931788312592
2026-11-03,2025-08-13,"2.60%",-100,2.6,0.146656370885163
2026-11-03,2025-08-13,"2.85%",-75,2.85,0.180082064064239
2026-11-03,2025-08-13,"3.10%",-50,3.1,0.180134816524856
2026-11-03,2025-08-13,"3.35%",-25,3.35,0.146785294528088
2026-11-03,2025-08-13,"3.60%",0,3.6,0.0974357762576198
2026-11-03,2025-08-13,"3.85%",25,3.85,0.0526856262552181
2026-11-03,2025-08-13,"4.10%",50,4.1,0.0232051372602961
2026-11-03,2025-08-13,"4.35%",75,4.35,0
2026-11-03,2025-08-13,"4.60%",100,4.6,0
2026-11-03,2025-08-13,"4.85%",125,4.85,0
2026-11-03,2025-08-13,"5.10%",150,5.1,0
2026-11-03,2025-08-13,"5.35%",175,5.35,0
2026-11-03,2025-08-13,"5.60%",200,5.6,0
2026-11-03,2025-08-13,"5.85%",225,5.85,0
2026-11-03,2025-08-13,"6.10%",250,6.1,0
2026-11-03,2025-08-14,"0.10%",-300,0.1,0
2026-11-03,2025-08-14,"0.35%",-300,0.35,0
2026-11-03,2025-08-14,"0.60%",-300,0.6,0
2026-11-03,2025-08-14,"0.85%",-275,0.85,0
2026-11-03,2025-08-14,"1.10%",-250,1.1,0
2026-11-03,2025-08-14,"1.35%",-225,1.35,0
2026-11-03,2025-08-14,"1.60%",-200,1.6,0
2026-11-03,2025-08-14,"1.85%",-175,1.85,0.0203295935373594
2026-11-03,2025-08-14,"2.10%",-150,2.1,0.048983353504875
2026-11-03,2025-08-14,"2.35%",-125,2.35,0.0948346726434994
2026-11-03,2025-08-14,"2.60%",-100,2.6,0.147540061412838
2026-11-03,2025-08-14,"2.85%",-75,2.85,0.184456619209459
2026-11-03,2025-08-14,"3.10%",-50,3.1,0.185322797508558
2026-11-03,2025-08-14,"3.35%",-25,3.35,0.149628373477833
2026-11-03,2025-08-14,"3.60%",0,3.6,0.0970825312539212
2026-11-03,2025-08-14,"3.85%",25,3.85,0.050616640060557
2026-11-03,2025-08-14,"4.10%",50,4.1,0.0212053573911
2026-11-03,2025-08-14,"4.35%",75,4.35,0
2026-11-03,2025-08-14,"4.60%",100,4.6,0
2026-11-03,2025-08-14,"4.85%",125,4.85,0
2026-11-03,2025-08-14,"5.10%",150,5.1,0
2026-11-03,2025-08-14,"5.35%",175,5.35,0
2026-11-03,2025-08-14,"5.60%",200,5.6,0
2026-11-03,2025-08-14,"5.85%",225,5.85,0
2026-11-03,2025-08-14,"6.10%",250,6.1,0
2026-11-03,2025-08-17,"0.10%",-300,0.1,0
2026-11-03,2025-08-17,"0.35%",-300,0.35,0
2026-11-03,2025-08-17,"0.60%",-300,0.6,0
2026-11-03,2025-08-17,"0.85%",-275,0.85,0
2026-11-03,2025-08-17,"1.10%",-250,1.1,0
2026-11-03,2025-08-17,"1.35%",-225,1.35,0
2026-11-03,2025-08-17,"1.60%",-200,1.6,0
2026-11-03,2025-08-17,"1.85%",-175,1.85,0.0137512494293094
2026-11-03,2025-08-17,"2.10%",-150,2.1,0.0388355016025965
2026-11-03,2025-08-17,"2.35%",-125,2.35,0.0852430921492854
2026-11-03,2025-08-17,"2.60%",-100,2.6,0.145438288196958
2026-11-03,2025-08-17,"2.85%",-75,2.85,0.192894365726986
2026-11-03,2025-08-17,"3.10%",-50,3.1,0.198883489106369
2026-11-03,2025-08-17,"3.35%",-25,3.35,0.159410964421633
2026-11-03,2025-08-17,"3.60%",0,3.6,0.0993263400777655
2026-11-03,2025-08-17,"3.85%",25,3.85,0.0481070838835083
2026-11-03,2025-08-17,"4.10%",50,4.1,0.0181096254055888
2026-11-03,2025-08-17,"4.35%",75,4.35,0
2026-11-03,2025-08-17,"4.60%",100,4.6,0
2026-11-03,2025-08-17,"4.85%",125,4.85,0
2026-11-03,2025-08-17,"5.10%",150,5.1,0
2026-11-03,2025-08-17,"5.35%",175,5.35,0
2026-11-03,2025-08-17,"5.60%",200,5.6,0
2026-11-03,2025-08-17,"5.85%",225,5.85,0
2026-11-03,2025-08-17,"6.10%",250,6.1,0
2026-11-03,2025-08-18,"0.10%",-300,0.1,0
2026-11-03,2025-08-18,"0.35%",-300,0.35,0
2026-11-03,2025-08-18,"0.60%",-300,0.6,0
2026-11-03,2025-08-18,"0.85%",-275,0.85,0
2026-11-03,2025-08-18,"1.10%",-250,1.1,0
2026-11-03,2025-08-18,"1.35%",-225,1.35,0
2026-11-03,2025-08-18,"1.60%",-200,1.6,0
2026-11-03,2025-08-18,"1.85%",-175,1.85,0
2026-11-03,2025-08-18,"2.10%",-150,2.1,0.0299353867532405
2026-11-03,2025-08-18,"2.35%",-125,2.35,0.0721625746966832
2026-11-03,2025-08-18,"2.60%",-100,2.6,0.133671507965512
2026-11-03,2025-08-18,"2.85%",-75,2.85,0.190286183555996
2026-11-03,2025-08-18,"3.10%",-50,3.1,0.208181316656899
2026-11-03,2025-08-18,"3.35%",-25,3.35,0.175044564416095
2026-11-03,2025-08-18,"3.60%",0,3.6,0.113113845521608
2026-11-03,2025-08-18,"3.85%",25,3.85,0.0561711127139025
2026-11-03,2025-08-18,"4.10%",50,4.1,0.0214335077200639
2026-11-03,2025-08-18,"4.35%",75,4.35,0
2026-11-03,2025-08-18,"4.60%",100,4.6,0
2026-11-03,2025-08-18,"4.85%",125,4.85,0
2026-11-03,2025-08-18,"5.10%",150,5.1,0
2026-11-03,2025-08-18,"5.35%",175,5.35,0
2026-11-03,2025-08-18,"5.60%",200,5.6,0
2026-11-03,2025-08-18,"5.85%",225,5.85,0
2026-11-03,2025-08-18,"6.10%",250,6.1,0
2026-11-03,2025-08-19,"0.10%",-300,0.1,0
2026-11-03,2025-08-19,"0.35%",-300,0.35,0
2026-11-03,2025-08-19,"0.60%",-300,0.6,0
2026-11-03,2025-08-19,"0.85%",-275,0.85,0
2026-11-03,2025-08-19,"1.10%",-250,1.1,0
2026-11-03,2025-08-19,"1.35%",-225,1.35,0
2026-11-03,2025-08-19,"1.60%",-200,1.6,0
2026-11-03,2025-08-19,"1.85%",-175,1.85,0
2026-11-03,2025-08-19,"2.10%",-150,2.1,0.0313457559698818
2026-11-03,2025-08-19,"2.35%",-125,2.35,0.0765945824943218
2026-11-03,2025-08-19,"2.60%",-100,2.6,0.141815324470371
2026-11-03,2025-08-19,"2.85%",-75,2.85,0.198977120397714
2026-11-03,2025-08-19,"3.10%",-50,3.1,0.211575584918095
2026-11-03,2025-08-19,"3.35%",-25,3.35,0.170496485425426
2026-11-03,2025-08-19,"3.60%",0,3.6,0.10412022978137
2026-11-03,2025-08-19,"3.85%",25,3.85,0.0481820077862839
2026-11-03,2025-08-19,"4.10%",50,4.1,0.0168929087565366
2026-11-03,2025-08-19,"4.35%",75,4.35,0
2026-11-03,2025-08-19,"4.60%",100,4.6,0
2026-11-03,2025-08-19,"4.85%",125,4.85,0
2026-11-03,2025-08-19,"5.10%",150,5.1,0
2026-11-03,2025-08-19,"5.35%",175,5.35,0
2026-11-03,2025-08-19,"5.60%",200,5.6,0
2026-11-03,2025-08-19,"5.85%",225,5.85,0
2026-11-03,2025-08-19,"6.10%",250,6.1,0
2026-11-03,2025-08-20,"0.10%",-300,0.1,0
2026-11-03,2025-08-20,"0.35%",-300,0.35,0
2026-11-03,2025-08-20,"0.60%",-300,0.6,0
2026-11-03,2025-08-20,"0.85%",-275,0.85,0
2026-11-03,2025-08-20,"1.10%",-250,1.1,0
2026-11-03,2025-08-20,"1.35%",-225,1.35,0
2026-11-03,2025-08-20,"1.60%",-200,1.6,0
2026-11-03,2025-08-20,"1.85%",-175,1.85,0.0141966605609647
2026-11-03,2025-08-20,"2.10%",-150,2.1,0.03884217700291
2026-11-03,2025-08-20,"2.35%",-125,2.35,0.0835285337702183
2026-11-03,2025-08-20,"2.60%",-100,2.6,0.141194891578837
2026-11-03,2025-08-20,"2.85%",-75,2.85,0.18762179583588
2026-11-03,2025-08-20,"3.10%",-50,3.1,0.195994018076953
2026-11-03,2025-08-20,"3.35%",-25,3.35,0.160953302996293
2026-11-03,2025-08-20,"3.60%",0,3.6,0.103906821332697
2026-11-03,2025-08-20,"3.85%",25,3.85,0.0527293430795054
2026-11-03,2025-08-20,"4.10%",50,4.1,0.0210324557657416
2026-11-03,2025-08-20,"4.35%",75,4.35,0
2026-11-03,2025-08-20,"4.60%",100,4.6,0
2026-11-03,2025-08-20,"4.85%",125,4.85,0
2026-11-03,2025-08-20,"5.10%",150,5.1,0
2026-11-03,2025-08-20,"5.35%",175,5.35,0
2026-11-03,2025-08-20,"5.60%",200,5.6,0
2026-11-03,2025-08-20,"5.85%",225,5.85,0
2026-11-03,2025-08-20,"6.10%",250,6.1,0
2026-11-03,2025-08-21,"0.10%",-300,0.1,0
2026-11-03,2025-08-21,"0.35%",-300,0.35,0
2026-11-03,2025-08-21,"0.60%",-300,0.6,0
2026-11-03,2025-08-21,"0.85%",-275,0.85,0
2026-11-03,2025-08-21,"1.10%",-250,1.1,0
2026-11-03,2025-08-21,"1.35%",-225,1.35,0
2026-11-03,2025-08-21,"1.60%",-200,1.6,0
2026-11-03,2025-08-21,"1.85%",-175,1.85,0.0120370247229243
2026-11-03,2025-08-21,"2.10%",-150,2.1,0.0343356531180828
2026-11-03,2025-08-21,"2.35%",-125,2.35,0.0767513313454199
2026-11-03,2025-08-21,"2.60%",-100,2.6,0.134456928538927
2026-11-03,2025-08-21,"2.85%",-75,2.85,0.184615153432351
2026-11-03,2025-08-21,"3.10%",-50,3.1,0.198680747956333
2026-11-03,2025-08-21,"3.35%",-25,3.35,0.167591723611411
2026-11-03,2025-08-21,"3.60%",0,3.6,0.110802178726009
2026-11-03,2025-08-21,"3.85%",25,3.85,0.0574143451627671
2026-11-03,2025-08-21,"4.10%",50,4.1,0.0233149133857751
2026-11-03,2025-08-21,"4.35%",75,4.35,0
2026-11-03,2025-08-21,"4.60%",100,4.6,0
2026-11-03,2025-08-21,"4.85%",125,4.85,0
2026-11-03,2025-08-21,"5.10%",150,5.1,0
2026-11-03,2025-08-21,"5.35%",175,5.35,0
2026-11-03,2025-08-21,"5.60%",200,5.6,0
2026-11-03,2025-08-21,"5.85%",225,5.85,0
2026-11-03,2025-08-21,"6.10%",250,6.1,0
2026-11-03,2025-08-24,"0.10%",-300,0.1,0
2026-11-03,2025-08-24,"0.35%",-300,0.35,0
2026-11-03,2025-08-24,"0.60%",-300,0.6,0
2026-11-03,2025-08-24,"0.85%",-275,0.85,0
2026-11-03,2025-08-24,"1.10%",-250,1.1,0
2026-11-03,2025-08-24,"1.35%",-225,1.35,0
2026-11-03,2025-08-24,"1.60%",-200,1.6,0
2026-11-03,2025-08-24,"1.85%",-175,1.85,0.0144517868885349
2026-11-03,2025-08-24,"2.10%",-150,2.1,0.0392168774097213
2026-11-03,2025-08-24,"2.35%",-125,2.35,0.0838094026343491
2026-11-03,2025-08-24,"2.60%",-100,2.6,0.14106472061253
2026-11-03,2025-08-24,"2.85%",-75,2.85,0.187015016017037
2026-11-03,2025-08-24,"3.10%",-50,3.1,0.19529067155006
2026-11-03,2025-08-24,"3.35%",-25,3.35,0.160633352244703
2026-11-03,2025-08-24,"3.60%",0,3.6,0.104070833031152
2026-11-03,2025-08-24,"3.85%",25,3.85,0.0531054646576464
2026-11-03,2025-08-24,"4.10%",50,4.1,0.0213418749542653
2026-11-03,2025-08-24,"4.35%",75,4.35,0
2026-11-03,2025-08-24,"4.60%",100,4.6,0
2026-11-03,2025-08-24,"4.85%",125,4.85,0
2026-11-03,2025-08-24,"5.10%",150,5.1,0
2026-11-03,2025-08-24,"5.35%",175,5.35,0
2026-11-03,2025-08-24,"5.60%",200,5.6,0
2026-11-03,2025-08-24,"5.85%",225,5.85,0
2026-11-03,2025-08-24,"6.10%",250,6.1,0
2026-11-03,2025-08-25,"0.10%",-300,0.1,0
2026-11-03,2025-08-25,"0.35%",-300,0.35,0
2026-11-03,2025-08-25,"0.60%",-300,0.6,0
2026-11-03,2025-08-25,"0.85%",-275,0.85,0
2026-11-03,2025-08-25,"1.10%",-250,1.1,0
2026-11-03,2025-08-25,"1.35%",-225,1.35,0
2026-11-03,2025-08-25,"1.60%",-200,1.6,0
2026-11-03,2025-08-25,"1.85%",-175,1.85,0.0139351634597843
2026-11-03,2025-08-25,"2.10%",-150,2.1,0.0380335457651106
2026-11-03,2025-08-25,"2.35%",-125,2.35,0.0818236695885498
2026-11-03,2025-08-25,"2.60%",-100,2.6,0.138766938009638
2026-11-03,2025-08-25,"2.85%",-75,2.85,0.18553015115382
2026-11-03,2025-08-25,"3.10%",-50,3.1,0.195559648183708
2026-11-03,2025-08-25,"3.35%",-25,3.35,0.162511072226879
2026-11-03,2025-08-25,"3.60%",0,3.6,0.106467275711175
2026-11-03,2025-08-25,"3.85%",25,3.85,0.0549866669230003
2026-11-03,2025-08-25,"4.10%",50,4.1,0.0223858689783348
2026-11-03,2025-08-25,"4.35%",75,4.35,0
2026-11-03,2025-08-25,"4.60%",100,4.6,0
2026-11-03,2025-08-25,"4.85%",125,4.85,0
2026-11-03,2025-08-25,"5.10%",150,5.1,0
2026-11-03,2025-08-25,"5.35%",175,5.35,0
2026-11-03,2025-08-25,"5.60%",200,5.6,0
2026-11-03,2025-08-25,"5.85%",225,5.85,0
2026-11-03,2025-08-25,"6.10%",250,6.1,0
2026-11-03,2025-08-26,"0.10%",-300,0.1,0
2026-11-03,2025-08-26,"0.35%",-300,0.35,0
2026-11-03,2025-08-26,"0.60%",-300,0.6,0
2026-11-03,2025-08-26,"0.85%",-275,0.85,0
2026-11-03,2025-08-26,"1.10%",-250,1.1,0
2026-11-03,2025-08-26,"1.35%",-225,1.35,0
2026-11-03,2025-08-26,"1.60%",-200,1.6,0
2026-11-03,2025-08-26,"1.85%",-175,1.85,0.0134276948118176
2026-11-03,2025-08-26,"2.10%",-150,2.1,0.0360852669720999
2026-11-03,2025-08-26,"2.35%",-125,2.35,0.0772249436548484
2026-11-03,2025-08-26,"2.60%",-100,2.6,0.131618554055954
2026-11-03,2025-08-26,"2.85%",-75,2.85,0.178661871072309
2026-11-03,2025-08-26,"3.10%",-50,3.1,0.193159251400872
2026-11-03,2025-08-26,"3.35%",-25,3.35,0.166330359468526
2026-11-03,2025-08-26,"3.60%",0,3.6,0.114075717479469
2026-11-03,2025-08-26,"3.85%",25,3.85,0.062310869772414
2026-11-03,2025-08-26,"4.10%",50,4.1,0.0271054713116902
2026-11-03,2025-08-26,"4.35%",75,4.35,0
2026-11-03,2025-08-26,"4.60%",100,4.6,0
2026-11-03,2025-08-26,"4.85%",125,4.85,0
2026-11-03,2025-08-26,"5.10%",150,5.1,0
2026-11-03,2025-08-26,"5.35%",175,5.35,0
2026-11-03,2025-08-26,"5.60%",200,5.6,0
2026-11-03,2025-08-26,"5.85%",225,5.85,0
2026-11-03,2025-08-26,"6.10%",250,6.1,0
2026-11-03,2025-08-27,"0.10%",-300,0.1,0
2026-11-03,2025-08-27,"0.35%",-300,0.35,0
2026-11-03,2025-08-27,"0.60%",-300,0.6,0
2026-11-03,2025-08-27,"0.85%",-275,0.85,0
2026-11-03,2025-08-27,"1.10%",-250,1.1,0
2026-11-03,2025-08-27,"1.35%",-225,1.35,0
2026-11-03,2025-08-27,"1.60%",-200,1.6,0
2026-11-03,2025-08-27,"1.85%",-175,1.85,0.0113613070879202
2026-11-03,2025-08-27,"2.10%",-150,2.1,0.0338209704616627
2026-11-03,2025-08-27,"2.35%",-125,2.35,0.0778361269235791
2026-11-03,2025-08-27,"2.60%",-100,2.6,0.138504898365754
2026-11-03,2025-08-27,"2.85%",-75,2.85,0.190578711523089
2026-11-03,2025-08-27,"3.10%",-50,3.1,0.20278209991607
2026-11-03,2025-08-27,"3.35%",-25,3.35,0.166853325806417
2026-11-03,2025-08-27,"3.60%",0,3.6,0.106164046798888
2026-11-03,2025-08-27,"3.85%",25,3.85,0.0522310087991171
2026-11-03,2025-08-27,"4.10%",50,4.1,0.019867504317502
2026-11-03,2025-08-27,"4.35%",75,4.35,0
2026-11-03,2025-08-27,"4.60%",100,4.6,0
2026-11-03,2025-08-27,"4.85%",125,4.85,0
2026-11-03,2025-08-27,"5.10%",150,5.1,0
2026-11-03,2025-08-27,"5.35%",175,5.35,0
2026-11-03,2025-08-27,"5.60%",200,5.6,0
2026-11-03,2025-08-27,"5.85%",225,5.85,0
2026-11-03,2025-08-27,"6.10%",250,6.1,0
2026-11-03,2025-08-28,"0.10%",-300,0.1,0
2026-11-03,2025-08-28,"0.35%",-300,0.35,0
2026-11-03,2025-08-28,"0.60%",-300,0.6,0
2026-11-03,2025-08-28,"0.85%",-275,0.85,0
2026-11-03,2025-08-28,"1.10%",-250,1.1,0
2026-11-03,2025-08-28,"1.35%",-225,1.35,0
2026-11-03,2025-08-28,"1.60%",-200,1.6,0
2026-11-03,2025-08-28,"1.85%",-175,1.85,0.0140038022472051
2026-11-03,2025-08-28,"2.10%",-150,2.1,0.0375283551415835
2026-11-03,2025-08-28,"2.35%",-125,2.35,0.0798798370182796
2026-11-03,2025-08-28,"2.60%",-100,2.6,0.135055553847871
2026-11-03,2025-08-28,"2.85%",-75,2.85,0.181388293192558
2026-11-03,2025-08-28,"3.10%",-50,3.1,0.193526843305763
2026-11-03,2025-08-28,"3.35%",-25,3.35,0.164025487076388
2026-11-03,2025-08-28,"3.60%",0,3.6,0.110436325261175
2026-11-03,2025-08-28,"3.85%",25,3.85,0.0590642747916849
2026-11-03,2025-08-28,"4.10%",50,4.1,0.0250912281174922
2026-11-03,2025-08-28,"4.35%",75,4.35,0
2026-11-03,2025-08-28,"4.60%",100,4.6,0
2026-11-03,2025-08-28,"4.85%",125,4.85,0
2026-11-03,2025-08-28,"5.10%",150,5.1,0
2026-11-03,2025-08-28,"5.35%",175,5.35,0
2026-11-03,2025-08-28,"5.60%",200,5.6,0
2026-11-03,2025-08-28,"5.85%",225,5.85,0
2026-11-03,2025-08-28,"6.10%",250,6.1,0
2026-11-03,2025-08-31,"0.10%",-300,0.1,0
2026-11-03,2025-08-31,"0.35%",-300,0.35,0
2026-11-03,2025-08-31,"0.60%",-300,0.6,0
2026-11-03,2025-08-31,"0.85%",-275,0.85,0
2026-11-03,2025-08-31,"1.10%",-250,1.1,0
2026-11-03,2025-08-31,"1.35%",-225,1.35,0
2026-11-03,2025-08-31,"1.60%",-200,1.6,0
2026-11-03,2025-08-31,"1.85%",-175,1.85,0.0134945328164984
2026-11-03,2025-08-31,"2.10%",-150,2.1,0.0361982973834731
2026-11-03,2025-08-31,"2.35%",-125,2.35,0.0773515924240772
2026-11-03,2025-08-31,"2.60%",-100,2.6,0.131684182316351
2026-11-03,2025-08-31,"2.85%",-75,2.85,0.178609458546872
2026-11-03,2025-08-31,"3.10%",-50,3.1,0.193016890285209
2026-11-03,2025-08-31,"3.35%",-25,3.35,0.16619182627095
2026-11-03,2025-08-31,"3.60%",0,3.6,0.11400943990351
2026-11-03,2025-08-31,"3.85%",25,3.85,0.062312060145942
2026-11-03,2025-08-31,"4.10%",50,4.1,0.0271317199071176
2026-11-03,2025-08-31,"4.35%",75,4.35,0
2026-11-03,2025-08-31,"4.60%",100,4.6,0
2026-11-03,2025-08-31,"4.85%",125,4.85,0
2026-11-03,2025-08-31,"5.10%",150,5.1,0
2026-11-03,2025-08-31,"5.35%",175,5.35,0
2026-11-03,2025-08-31,"5.60%",200,5.6,0
2026-11-03,2025-08-31,"5.85%",225,5.85,0
2026-11-03,2025-08-31,"6.10%",250,6.1,0
2026-11-03,2025-09-01,"0.10%",-300,0.1,0
2026-11-03,2025-09-01,"0.35%",-300,0.35,0
2026-11-03,2025-09-01,"0.60%",-300,0.6,0
2026-11-03,2025-09-01,"0.85%",-275,0.85,0
2026-11-03,2025-09-01,"1.10%",-250,1.1,0
2026-11-03,2025-09-01,"1.35%",-225,1.35,0
2026-11-03,2025-09-01,"1.60%",-200,1.6,0
2026-11-03,2025-09-01,"1.85%",-175,1.85,0.0130068199248309
2026-11-03,2025-09-01,"2.10%",-150,2.1,0.0342135959740003
2026-11-03,2025-09-01,"2.35%",-125,2.35,0.0724557700911072
2026-11-03,2025-09-01,"2.60%",-100,2.6,0.123543989874865
2026-11-03,2025-09-01,"2.85%",-75,2.85,0.16961522388361
2026-11-03,2025-09-01,"3.10%",-50,3.1,0.187505822035405
2026-11-03,2025-09-01,"3.35%",-25,3.35,0.166907279977621
2026-11-03,2025-09-01,"3.60%",0,3.6,0.119630495505174
2026-11-03,2025-09-01,"3.85%",25,3.85,0.0690401707875027
2026-11-03,2025-09-01,"4.10%",50,4.1,0.0320800028300155
2026-11-03,2025-09-01,"4.35%",75,4.35,0.0120008291158682
2026-11-03,2025-09-01,"4.60%",100,4.6,0
2026-11-03,2025-09-01,"4.85%",125,4.85,0
2026-11-03,2025-09-01,"5.10%",150,5.1,0
2026-11-03,2025-09-01,"5.35%",175,5.35,0
2026-11-03,2025-09-01,"5.60%",200,5.6,0
2026-11-03,2025-09-01,"5.85%",225,5.85,0
2026-11-03,2025-09-01,"6.10%",250,6.1,0
2026-11-03,2025-09-02,"0.10%",-300,0.1,0
2026-11-03,2025-09-02,"0.35%",-300,0.35,0
2026-11-03,2025-09-02,"0.60%",-300,0.6,0
2026-11-03,2025-09-02,"0.85%",-275,0.85,0
2026-11-03,2025-09-02,"1.10%",-250,1.1,0
2026-11-03,2025-09-02,"1.35%",-225,1.35,0
2026-11-03,2025-09-02,"1.60%",-200,1.6,0
2026-11-03,2025-09-02,"1.85%",-175,1.85,0
2026-11-03,2025-09-02,"2.10%",-150,2.1,0.025450253060365
2026-11-03,2025-09-02,"2.35%",-125,2.35,0.0587058358176792
2026-11-03,2025-09-02,"2.60%",-100,2.6,0.108436852663792
2026-11-03,2025-09-02,"2.85%",-75,2.85,0.160399796797848
2026-11-03,2025-09-02,"3.10%",-50,3.1,0.190010732340384
2026-11-03,2025-09-02,"3.35%",-25,3.35,0.180263129839444
2026-11-03,2025-09-02,"3.60%",0,3.6,0.136958169926817
2026-11-03,2025-09-02,"3.85%",25,3.85,0.0833316255895081
2026-11-03,2025-09-02,"4.10%",50,4.1,0.0406024579312457
2026-11-03,2025-09-02,"4.35%",75,4.35,0.0158411460329176
2026-11-03,2025-09-02,"4.60%",100,4.6,0
2026-11-03,2025-09-02,"4.85%",125,4.85,0
2026-11-03,2025-09-02,"5.10%",150,5.1,0
2026-11-03,2025-09-02,"5.35%",175,5.35,0
2026-11-03,2025-09-02,"5.60%",200,5.6,0
2026-11-03,2025-09-02,"5.85%",225,5.85,0
2026-11-03,2025-09-02,"6.10%",250,6.1,0
2026-11-03,2025-09-03,"0.10%",-300,0.1,0
2026-11-03,2025-09-03,"0.35%",-300,0.35,0
2026-11-03,2025-09-03,"0.60%",-300,0.6,0
2026-11-03,2025-09-03,"0.85%",-275,0.85,0
2026-11-03,2025-09-03,"1.10%",-250,1.1,0
2026-11-03,2025-09-03,"1.35%",-225,1.35,0
2026-11-03,2025-09-03,"1.60%",-200,1.6,0
2026-11-03,2025-09-03,"1.85%",-175,1.85,0
2026-11-03,2025-09-03,"2.10%",-150,2.1,0.0227994686463627
2026-11-03,2025-09-03,"2.35%",-125,2.35,0.058835633353127
2026-11-03,2025-09-03,"2.60%",-100,2.6,0.116689913560013
2026-11-03,2025-09-03,"2.85%",-75,2.85,0.177889157902834
2026-11-03,2025-09-03,"3.10%",-50,3.1,0.208457717464111
2026-11-03,2025-09-03,"3.35%",-25,3.35,0.187780236400268
2026-11-03,2025-09-03,"3.60%",0,3.6,0.130028301763737
2026-11-03,2025-09-03,"3.85%",25,3.85,0.069208045626329
2026-11-03,2025-09-03,"4.10%",50,4.1,0.0283115252832186
2026-11-03,2025-09-03,"4.35%",75,4.35,0
2026-11-03,2025-09-03,"4.60%",100,4.6,0
2026-11-03,2025-09-03,"4.85%",125,4.85,0
2026-11-03,2025-09-03,"5.10%",150,5.1,0
2026-11-03,2025-09-03,"5.35%",175,5.35,0
2026-11-03,2025-09-03,"5.60%",200,5.6,0
2026-11-03,2025-09-03,"5.85%",225,5.85,0
2026-11-03,2025-09-03,"6.10%",250,6.1,0
2026-11-03,2025-09-04,"0.10%",-300,0.1,0
2026-11-03,2025-09-04,"0.35%",-300,0.35,0
2026-11-03,2025-09-04,"0.60%",-300,0.6,0
2026-11-03,2025-09-04,"0.85%",-275,0.85,0
2026-11-03,2025-09-04,"1.10%",-250,1.1,0
2026-11-03,2025-09-04,"1.35%",-225,1.35,0
2026-11-03,2025-09-04,"1.60%",-200,1.6,0
2026-11-03,2025-09-04,"1.85%",-175,1.85,0
2026-11-03,2025-09-04,"2.10%",-150,2.1,0.0210273850434447
2026-11-03,2025-09-04,"2.35%",-125,2.35,0.0570129417728172
2026-11-03,2025-09-04,"2.60%",-100,2.6,0.117002864027552
2026-11-03,2025-09-04,"2.85%",-75,2.85,0.181765588947042
2026-11-03,2025-09-04,"3.10%",-50,3.1,0.213774058175218
2026-11-03,2025-09-04,"3.35%",-25,3.35,0.190344328715217
2026-11-03,2025-09-04,"3.60%",0,3.6,0.128308921103844
2026-11-03,2025-09-04,"3.85%",25,3.85,0.0654746796062642
2026-11-03,2025-09-04,"4.10%",50,4.1,0.0252892326086002
2026-11-03,2025-09-04,"4.35%",75,4.35,0
2026-11-03,2025-09-04,"4.60%",100,4.6,0
2026-11-03,2025-09-04,"4.85%",125,4.85,0
2026-11-03,2025-09-04,"5.10%",150,5.1,0
2026-11-03,2025-09-04,"5.35%",175,5.35,0
2026-11-03,2025-09-04,"5.60%",200,5.6,0
2026-11-03,2025-09-04,"5.85%",225,5.85,0
2026-11-03,2025-09-04,"6.10%",250,6.1,0
2026-11-03,2025-09-07,"0.10%",-300,0.1,0
2026-11-03,2025-09-07,"0.35%",-300,0.35,0
2026-11-03,2025-09-07,"0.60%",-300,0.6,0
2026-11-03,2025-09-07,"0.85%",-275,0.85,0
2026-11-03,2025-09-07,"1.10%",-250,1.1,0
2026-11-03,2025-09-07,"1.35%",-225,1.35,0
2026-11-03,2025-09-07,"1.60%",-200,1.6,0
2026-11-03,2025-09-07,"1.85%",-175,1.85,0.0120171929289549
2026-11-03,2025-09-07,"2.10%",-150,2.1,0.0328958334475807
2026-11-03,2025-09-07,"2.35%",-125,2.35,0.07177922538085
2026-11-03,2025-09-07,"2.60%",-100,2.6,0.124856050350223
2026-11-03,2025-09-07,"2.85%",-75,2.85,0.173139960918048
2026-11-03,2025-09-07,"3.10%",-50,3.1,0.191415149904243
2026-11-03,2025-09-07,"3.35%",-25,3.35,0.168713959044363
2026-11-03,2025-09-07,"3.60%",0,3.6,0.118553901526735
2026-11-03,2025-09-07,"3.85%",25,3.85,0.0664133399127777
2026-11-03,2025-09-07,"4.10%",50,4.1,0.0296581748855351
2026-11-03,2025-09-07,"4.35%",75,4.35,0.0105572117006896
2026-11-03,2025-09-07,"4.60%",100,4.6,0
2026-11-03,2025-09-07,"4.85%",125,4.85,0
2026-11-03,2025-09-07,"5.10%",150,5.1,0
2026-11-03,2025-09-07,"5.35%",175,5.35,0
2026-11-03,2025-09-07,"5.60%",200,5.6,0
2026-11-03,2025-09-07,"5.85%",225,5.85,0
2026-11-03,2025-09-07,"6.10%",250,6.1,0
2026-11-03,2025-09-08,"0.10%",-300,0.1,0
2026-11-03,2025-09-08,"0.35%",-300,0.35,0
2026-11-03,2025-09-08,"0.60%",-300,0.6,0
2026-11-03,2025-09-08,"0.85%",-275,0.85,0
2026-11-03,2025-09-08,"1.10%",-250,1.1,0
2026-11-03,2025-09-08,"1.35%",-225,1.35,0
2026-11-03,2025-09-08,"1.60%",-200,1.6,0
2026-11-03,2025-09-08,"1.85%",-175,1.85,0.0130539073053755
2026-11-03,2025-09-08,"2.10%",-150,2.1,0.0341219740913198
2026-11-03,2025-09-08,"2.35%",-125,2.35,0.0719740133813893
2026-11-03,2025-09-08,"2.60%",-100,2.6,0.122515758745033
2026-11-03,2025-09-08,"2.85%",-75,2.85,0.168307052498246
2026-11-03,2025-09-08,"3.10%",-50,3.1,0.186602988117795
2026-11-03,2025-09-08,"3.35%",-25,3.35,0.166972385854247
2026-11-03,2025-09-08,"3.60%",0,3.6,0.120580292633916
2026-11-03,2025-09-08,"3.85%",25,3.85,0.0702751130726903
2026-11-03,2025-09-08,"4.10%",50,4.1,0.0330522150044105
2026-11-03,2025-09-08,"4.35%",75,4.35,0.0125442992955785
2026-11-03,2025-09-08,"4.60%",100,4.6,0
2026-11-03,2025-09-08,"4.85%",125,4.85,0
2026-11-03,2025-09-08,"5.10%",150,5.1,0
2026-11-03,2025-09-08,"5.35%",175,5.35,0
2026-11-03,2025-09-08,"5.60%",200,5.6,0
2026-11-03,2025-09-08,"5.85%",225,5.85,0
2026-11-03,2025-09-08,"6.10%",250,6.1,0
2026-11-03,2025-09-09,"0.10%",-300,0.1,0
2026-11-03,2025-09-09,"0.35%",-300,0.35,0
2026-11-03,2025-09-09,"0.60%",-300,0.6,0
2026-11-03,2025-09-09,"0.85%",-275,0.85,0
2026-11-03,2025-09-09,"1.10%",-250,1.1,0
2026-11-03,2025-09-09,"1.35%",-225,1.35,0
2026-11-03,2025-09-09,"1.60%",-200,1.6,0
2026-11-03,2025-09-09,"1.85%",-175,1.85,0
2026-11-03,2025-09-09,"2.10%",-150,2.1,0.0278480443190446
2026-11-03,2025-09-09,"2.35%",-125,2.35,0.0664882569429984
2026-11-03,2025-09-09,"2.60%",-100,2.6,0.12379919899083
2026-11-03,2025-09-09,"2.85%",-75,2.85,0.179783058160085
2026-11-03,2025-09-09,"3.10%",-50,3.1,0.203638275804662
2026-11-03,2025-09-09,"3.35%",-25,3.35,0.179910739998431
2026-11-03,2025-09-09,"3.60%",0,3.6,0.123975117556297
2026-11-03,2025-09-09,"3.85%",25,3.85,0.066630042670059
2026-11-03,2025-09-09,"4.10%",50,4.1,0.0279272655575923
2026-11-03,2025-09-09,"4.35%",75,4.35,0
2026-11-03,2025-09-09,"4.60%",100,4.6,0
2026-11-03,2025-09-09,"4.85%",125,4.85,0
2026-11-03,2025-09-09,"5.10%",150,5.1,0
2026-11-03,2025-09-09,"5.35%",175,5.35,0
2026-11-03,2025-09-09,"5.60%",200,5.6,0
2026-11-03,2025-09-09,"5.85%",225,5.85,0
2026-11-03,2025-09-09,"6.10%",250,6.1,0
2026-11-03,2025-09-10,"0.10%",-300,0.1,0
2026-11-03,2025-09-10,"0.35%",-300,0.35,0
2026-11-03,2025-09-10,"0.60%",-300,0.6,0
2026-11-03,2025-09-10,"0.85%",-275,0.85,0
2026-11-03,2025-09-10,"1.10%",-250,1.1,0
2026-11-03,2025-09-10,"1.35%",-225,1.35,0
2026-11-03,2025-09-10,"1.60%",-200,1.6,0
2026-11-03,2025-09-10,"1.85%",-175,1.85,0.0128507246902703
2026-11-03,2025-09-10,"2.10%",-150,2.1,0.0336635563457731
2026-11-03,2025-09-10,"2.35%",-125,2.35,0.0711894959576822
2026-11-03,2025-09-10,"2.60%",-100,2.6,0.121540784404831
2026-11-03,2025-09-10,"2.85%",-75,2.85,0.167532010763157
2026-11-03,2025-09-10,"3.10%",-50,3.1,0.186446855676582
2026-11-03,2025-09-10,"3.35%",-25,3.35,0.167532010763155
2026-11-03,2025-09-10,"3.60%",0,3.6,0.121540784404828
2026-11-03,2025-09-10,"3.85%",25,3.85,0.0711894959576801
2026-11-03,2025-09-10,"4.10%",50,4.1,0.0336635563457719
2026-11-03,2025-09-10,"4.35%",75,4.35,0.0128507246902696
2026-11-03,2025-09-10,"4.60%",100,4.6,0
2026-11-03,2025-09-10,"4.85%",125,4.85,0
2026-11-03,2025-09-10,"5.10%",150,5.1,0
2026-11-03,2025-09-10,"5.35%",175,5.35,0
2026-11-03,2025-09-10,"5.60%",200,5.6,0
2026-11-03,2025-09-10,"5.85%",225,5.85,0
2026-11-03,2025-09-10,"6.10%",250,6.1,0
2026-11-03,2025-09-11,"0.10%",-300,0.1,0
2026-11-03,2025-09-11,"0.35%",-300,0.35,0
2026-11-03,2025-09-11,"0.60%",-300,0.6,0
2026-11-03,2025-09-11,"0.85%",-275,0.85,0
2026-11-03,2025-09-11,"1.10%",-250,1.1,0
2026-11-03,2025-09-11,"1.35%",-225,1.35,0
2026-11-03,2025-09-11,"1.60%",-200,1.6,0
2026-11-03,2025-09-11,"1.85%",-175,1.85,0.0131104149875614
2026-11-03,2025-09-11,"2.10%",-150,2.1,0.0332144073744446
2026-11-03,2025-09-11,"2.35%",-125,2.35,0.0687496797397819
2026-11-03,2025-09-11,"2.60%",-100,2.6,0.116270817720954
2026-11-03,2025-09-11,"2.85%",-75,2.85,0.160672925114628
2026-11-03,2025-09-11,"3.10%",-50,3.1,0.181424785160934
2026-11-03,2025-09-11,"3.35%",-25,3.35,0.16739260505103
2026-11-03,2025-09-11,"3.60%",0,3.6,0.126199937294465
2026-11-03,2025-09-11,"3.85%",25,3.85,0.0777421351383138
2026-11-03,2025-09-11,"4.10%",50,4.1,0.0391303196159043
2026-11-03,2025-09-11,"4.35%",75,4.35,0.0160919728019815
2026-11-03,2025-09-11,"4.60%",100,4.6,0
2026-11-03,2025-09-11,"4.85%",125,4.85,0
2026-11-03,2025-09-11,"5.10%",150,5.1,0
2026-11-03,2025-09-11,"5.35%",175,5.35,0
2026-11-03,2025-09-11,"5.60%",200,5.6,0
2026-11-03,2025-09-11,"5.85%",225,5.85,0
2026-11-03,2025-09-11,"6.10%",250,6.1,0
2026-11-03,2025-09-12,"0.10%",-300,0.1,0
2026-11-03,2025-09-12,"0.35%",-300,0.35,0
2026-11-03,2025-09-12,"0.60%",-300,0.6,0
2026-11-03,2025-09-12,"0.85%",-275,0.85,0
2026-11-03,2025-09-12,"1.10%",-250,1.1,0
2026-11-03,2025-09-12,"1.35%",-225,1.35,0
2026-11-03,2025-09-12,"1.60%",-200,1.6,0
2026-11-03,2025-09-12,"1.85%",-175,1.85,0.0160603672754869
2026-11-03,2025-09-12,"2.10%",-150,2.1,0.0372818685498115
2026-11-03,2025-09-12,"2.35%",-125,2.35,0.0720667733318662
2026-11-03,2025-09-12,"2.60%",-100,2.6,0.116006524157564
2026-11-03,2025-09-12,"2.85%",-75,2.85,0.155507196980821
2026-11-03,2025-09-12,"3.10%",-50,3.1,0.173598531034229
2026-11-03,2025-09-12,"3.35%",-25,3.35,0.161388139724748
2026-11-03,2025-09-12,"3.60%",0,3.6,0.124946908785989
2026-11-03,2025-09-12,"3.85%",25,3.85,0.0805567355083418
2026-11-03,2025-09-12,"4.10%",50,4.1,0.0432504516166602
2026-11-03,2025-09-12,"4.35%",75,4.35,0.0193365030344828
2026-11-03,2025-09-12,"4.60%",100,4.6,0
2026-11-03,2025-09-12,"4.85%",125,4.85,0
2026-11-03,2025-09-12,"5.10%",150,5.1,0
2026-11-03,2025-09-12,"5.35%",175,5.35,0
2026-11-03,2025-09-12,"5.60%",200,5.6,0
2026-11-03,2025-09-12,"5.85%",225,5.85,0
2026-11-03,2025-09-12,"6.10%",250,6.1,0
2026-11-03,2025-09-14,"0.10%",-300,0.1,0
2026-11-03,2025-09-14,"0.35%",-300,0.35,0
2026-11-03,2025-09-14,"0.60%",-300,0.6,0
2026-11-03,2025-09-14,"0.85%",-275,0.85,0
2026-11-03,2025-09-14,"1.10%",-250,1.1,0
2026-11-03,2025-09-14,"1.35%",-225,1.35,0
2026-11-03,2025-09-14,"1.60%",-200,1.6,0
2026-11-03,2025-09-14,"1.85%",-175,1.85,0.0114897401391844
2026-11-03,2025-09-14,"2.10%",-150,2.1,0.030196465909777
2026-11-03,2025-09-14,"2.35%",-125,2.35,0.0645546243649658
2026-11-03,2025-09-14,"2.60%",-100,2.6,0.112265964225123
2026-11-03,2025-09-14,"2.85%",-75,2.85,0.158831403841371
2026-11-03,2025-09-14,"3.10%",-50,3.1,0.182811539751302
2026-11-03,2025-09-14,"3.35%",-25,3.35,0.171180577899576
2026-11-03,2025-09-14,"3.60%",0,3.6,0.13040277344438
2026-11-03,2025-09-14,"3.85%",25,3.85,0.0808149313201564
2026-11-03,2025-09-14,"4.10%",50,4.1,0.0407430153217904
2026-11-03,2025-09-14,"4.35%",75,4.35,0.016708963782373
2026-11-03,2025-09-14,"4.60%",100,4.6,0
2026-11-03,2025-09-14,"4.85%",125,4.85,0
2026-11-03,2025-09-14,"5.10%",150,5.1,0
2026-11-03,2025-09-14,"5.35%",175,5.35,0
2026-11-03,2025-09-14,"5.60%",200,5.6,0
2026-11-03,2025-09-14,"5.85%",225,5.85,0
2026-11-03,2025-09-14,"6.10%",250,6.1,0
2026-11-03,2025-09-15,"0.10%",-300,0.1,0
2026-11-03,2025-09-15,"0.35%",-300,0.35,0
2026-11-03,2025-09-15,"0.60%",-300,0.6,0
2026-11-03,2025-09-15,"0.85%",-275,0.85,0
2026-11-03,2025-09-15,"1.10%",-250,1.1,0
2026-11-03,2025-09-15,"1.35%",-225,1.35,0
2026-11-03,2025-09-15,"1.60%",-200,1.6,0
2026-11-03,2025-09-15,"1.85%",-175,1.85,0
2026-11-03,2025-09-15,"2.10%",-150,2.1,0.0279243430551042
2026-11-03,2025-09-15,"2.35%",-125,2.35,0.0627146878618573
2026-11-03,2025-09-15,"2.60%",-100,2.6,0.113053115365562
2026-11-03,2025-09-15,"2.85%",-75,2.85,0.163585915440236
2026-11-03,2025-09-15,"3.10%",-50,3.1,0.190008987319344
2026-11-03,2025-09-15,"3.35%",-25,3.35,0.177163101233397
2026-11-03,2025-09-15,"3.60%",0,3.6,0.132599069060388
2026-11-03,2025-09-15,"3.85%",25,3.85,0.0796643699380567
2026-11-03,2025-09-15,"4.10%",50,4.1,0.0384170559116365
2026-11-03,2025-09-15,"4.35%",75,4.35,0.0148693548144175
2026-11-03,2025-09-15,"4.60%",100,4.6,0
2026-11-03,2025-09-15,"4.85%",125,4.85,0
2026-11-03,2025-09-15,"5.10%",150,5.1,0
2026-11-03,2025-09-15,"5.35%",175,5.35,0
2026-11-03,2025-09-15,"5.60%",200,5.6,0
2026-11-03,2025-09-15,"5.85%",225,5.85,0
2026-11-03,2025-09-15,"6.10%",250,6.1,0
2026-11-03,2025-09-16,"0.10%",-300,0.1,0
2026-11-03,2025-09-16,"0.35%",-300,0.35,0
2026-11-03,2025-09-16,"0.60%",-300,0.6,0
2026-11-03,2025-09-16,"0.85%",-275,0.85,0
2026-11-03,2025-09-16,"1.10%",-250,1.1,0
2026-11-03,2025-09-16,"1.35%",-225,1.35,0
2026-11-03,2025-09-16,"1.60%",-200,1.6,0
2026-11-03,2025-09-16,"1.85%",-175,1.85,0.0121946852717027
2026-11-03,2025-09-16,"2.10%",-150,2.1,0.0321784399910919
2026-11-03,2025-09-16,"2.35%",-125,2.35,0.0686342780025584
2026-11-03,2025-09-16,"2.60%",-100,2.6,0.118338287350598
2026-11-03,2025-09-16,"2.85%",-75,2.85,0.16494420159039
2026-11-03,2025-09-16,"3.10%",-50,3.1,0.185861063417833
2026-11-03,2025-09-16,"3.35%",-25,3.35,0.169310437524219
2026-11-03,2025-09-16,"3.60%",0,3.6,0.12468654463956
2026-11-03,2025-09-16,"3.85%",25,3.85,0.0742309287741474
2026-11-03,2025-09-16,"4.10%",50,4.1,0.0357240838543904
2026-11-03,2025-09-16,"4.35%",75,4.35,0.0138970495835091
2026-11-03,2025-09-16,"4.60%",100,4.6,0
2026-11-03,2025-09-16,"4.85%",125,4.85,0
2026-11-03,2025-09-16,"5.10%",150,5.1,0
2026-11-03,2025-09-16,"5.35%",175,5.35,0
2026-11-03,2025-09-16,"5.60%",200,5.6,0
2026-11-03,2025-09-16,"5.85%",225,5.85,0
2026-11-03,2025-09-16,"6.10%",250,6.1,0
2026-11-03,2025-09-17,"0.10%",-300,0.1,0
2026-11-03,2025-09-17,"0.35%",-300,0.35,0
2026-11-03,2025-09-17,"0.60%",-300,0.6,0
2026-11-03,2025-09-17,"0.85%",-275,0.85,0
2026-11-03,2025-09-17,"1.10%",-250,1.1,0
2026-11-03,2025-09-17,"1.35%",-225,1.35,0
2026-11-03,2025-09-17,"1.60%",-200,1.6,0
2026-11-03,2025-09-17,"1.85%",-175,1.85,0.0150195396498088
2026-11-03,2025-09-17,"2.10%",-150,2.1,0.0376466841776438
2026-11-03,2025-09-17,"2.35%",-125,2.35,0.0765768706324916
2026-11-03,2025-09-17,"2.60%",-100,2.6,0.12641331200354
2026-11-03,2025-09-17,"2.85%",-75,2.85,0.169367186746985
2026-11-03,2025-09-17,"3.10%",-50,3.1,0.184169214312182
2026-11-03,2025-09-17,"3.35%",-25,3.35,0.162539524774921
2026-11-03,2025-09-17,"3.60%",0,3.6,0.116426225179252
2026-11-03,2025-09-17,"3.85%",25,3.85,0.0676832357152814
2026-11-03,2025-09-17,"4.10%",50,4.1,0.0319324019518054
2026-11-03,2025-09-17,"4.35%",75,4.35,0.0122258048560889
2026-11-03,2025-09-17,"4.60%",100,4.6,0
2026-11-03,2025-09-17,"4.85%",125,4.85,0
2026-11-03,2025-09-17,"5.10%",150,5.1,0
2026-11-03,2025-09-17,"5.35%",175,5.35,0
2026-11-03,2025-09-17,"5.60%",200,5.6,0
2026-11-03,2025-09-17,"5.85%",225,5.85,0
2026-11-03,2025-09-17,"6.10%",250,6.1,0
2026-11-03,2025-09-18,"0.10%",-300,0.1,0
2026-11-03,2025-09-18,"0.35%",-300,0.35,0
2026-11-03,2025-09-18,"0.60%",-300,0.6,0
2026-11-03,2025-09-18,"0.85%",-275,0.85,0
2026-11-03,2025-09-18,"1.10%",-250,1.1,0
2026-11-03,2025-09-18,"1.35%",-225,1.35,0
2026-11-03,2025-09-18,"1.60%",-200,1.6,0
2026-11-03,2025-09-18,"1.85%",-175,1.85,0
2026-11-03,2025-09-18,"2.10%",-150,2.1,0.0256791420011507
2026-11-03,2025-09-18,"2.35%",-125,2.35,0.0629491228887073
2026-11-03,2025-09-18,"2.60%",-100,2.6,0.119955177003822
2026-11-03,2025-09-18,"2.85%",-75,2.85,0.177707823056563
2026-11-03,2025-09-18,"3.10%",-50,3.1,0.204680305114131
2026-11-03,2025-09-18,"3.35%",-25,3.35,0.183288891678022
2026-11-03,2025-09-18,"3.60%",0,3.6,0.127608638541691
2026-11-03,2025-09-18,"3.85%",25,3.85,0.0690694425569484
2026-11-03,2025-09-18,"4.10%",50,4.1,0.0290614571589642
2026-11-03,2025-09-18,"4.35%",75,4.35,0
2026-11-03,2025-09-18,"4.60%",100,4.6,0
2026-11-03,2025-09-18,"4.85%",125,4.85,0
2026-11-03,2025-09-18,"5.10%",150,5.1,0
2026-11-03,2025-09-18,"5.35%",175,5.35,0
2026-11-03,2025-09-18,"5.60%",200,5.6,0
2026-11-03,2025-09-18,"5.85%",225,5.85,0
2026-11-03,2025-09-18,"6.10%",250,6.1,0
2026-11-03,2025-09-21,"0.10%",-300,0.1,0
2026-11-03,2025-09-21,"0.35%",-300,0.35,0
2026-11-03,2025-09-21,"0.60%",-300,0.6,0
2026-11-03,2025-09-21,"0.85%",-275,0.85,0
2026-11-03,2025-09-21,"1.10%",-250,1.1,0
2026-11-03,2025-09-21,"1.35%",-225,1.35,0
2026-11-03,2025-09-21,"1.60%",-200,1.6,0
2026-11-03,2025-09-21,"1.85%",-175,1.85,0.0132136167977945
2026-11-03,2025-09-21,"2.10%",-150,2.1,0.0330518557017549
2026-11-03,2025-09-21,"2.35%",-125,2.35,0.0678507941345059
2026-11-03,2025-09-21,"2.60%",-100,2.6,0.114319178019679
2026-11-03,2025-09-21,"2.85%",-75,2.85,0.158089566771716
2026-11-03,2025-09-21,"3.10%",-50,3.1,0.179438925534045
2026-11-03,2025-09-21,"3.35%",-25,3.35,0.167171845103227
2026-11-03,2025-09-21,"3.60%",0,3.6,0.127832290834253
2026-11-03,2025-09-21,"3.85%",25,3.85,0.0802308117948338
2026-11-03,2025-09-21,"4.10%",50,4.1,0.0413286888897691
2026-11-03,2025-09-21,"4.35%",75,4.35,0.0174724264184221
2026-11-03,2025-09-21,"4.60%",100,4.6,0
2026-11-03,2025-09-21,"4.85%",125,4.85,0
2026-11-03,2025-09-21,"5.10%",150,5.1,0
2026-11-03,2025-09-21,"5.35%",175,5.35,0
2026-11-03,2025-09-21,"5.60%",200,5.6,0
2026-11-03,2025-09-21,"5.85%",225,5.85,0
2026-11-03,2025-09-21,"6.10%",250,6.1,0
2026-11-03,2025-09-22,"0.10%",-300,0.1,0
2026-11-03,2025-09-22,"0.35%",-300,0.35,0
2026-11-03,2025-09-22,"0.60%",-300,0.6,0
2026-11-03,2025-09-22,"0.85%",-275,0.85,0
2026-11-03,2025-09-22,"1.10%",-250,1.1,0
2026-11-03,2025-09-22,"1.35%",-225,1.35,0
2026-11-03,2025-09-22,"1.60%",-200,1.6,0
2026-11-03,2025-09-22,"1.85%",-175,1.85,0.01416293393034
2026-11-03,2025-09-22,"2.10%",-150,2.1,0.0343954306058782
2026-11-03,2025-09-22,"2.35%",-125,2.35,0.0689922258356776
2026-11-03,2025-09-22,"2.60%",-100,2.6,0.114306025092589
2026-11-03,2025-09-22,"2.85%",-75,2.85,0.156430239514534
2026-11-03,2025-09-22,"3.10%",-50,3.1,0.176832927935225
2026-11-03,2025-09-22,"3.35%",-25,3.35,0.16511998444081
2026-11-03,2025-09-22,"3.60%",0,3.6,0.127358637604798
2026-11-03,2025-09-22,"3.85%",25,3.85,0.0811414221241688
2026-11-03,2025-09-22,"4.10%",50,4.1,0.0427002639849774
2026-11-03,2025-09-22,"4.35%",75,4.35,0.0185599089310015
2026-11-03,2025-09-22,"4.60%",100,4.6,0
2026-11-03,2025-09-22,"4.85%",125,4.85,0
2026-11-03,2025-09-22,"5.10%",150,5.1,0
2026-11-03,2025-09-22,"5.35%",175,5.35,0
2026-11-03,2025-09-22,"5.60%",200,5.6,0
2026-11-03,2025-09-22,"5.85%",225,5.85,0
2026-11-03,2025-09-22,"6.10%",250,6.1,0
2026-11-03,2025-09-23,"0.10%",-300,0.1,0
2026-11-03,2025-09-23,"0.35%",-300,0.35,0
2026-11-03,2025-09-23,"0.60%",-300,0.6,0
2026-11-03,2025-09-23,"0.85%",-275,0.85,0
2026-11-03,2025-09-23,"1.10%",-250,1.1,0
2026-11-03,2025-09-23,"1.35%",-225,1.35,0
2026-11-03,2025-09-23,"1.60%",-200,1.6,0
2026-11-03,2025-09-23,"1.85%",-175,1.85,0
2026-11-03,2025-09-23,"2.10%",-150,2.1,0.0220081317782994
2026-11-03,2025-09-23,"2.35%",-125,2.35,0.0518059819209176
2026-11-03,2025-09-23,"2.60%",-100,2.6,0.0982414662780082
2026-11-03,2025-09-23,"2.85%",-75,2.85,0.150089981084407
2026-11-03,2025-09-23,"3.10%",-50,3.1,0.184742379180027
2026-11-03,2025-09-23,"3.35%",-25,3.35,0.18320919414591
2026-11-03,2025-09-23,"3.60%",0,3.6,0.146383989664734
2026-11-03,2025-09-23,"3.85%",25,3.85,0.0942316737863239
2026-11-03,2025-09-23,"4.10%",50,4.1,0.048869805373005
2026-11-03,2025-09-23,"4.35%",75,4.35,0.0204173967883688
2026-11-03,2025-09-23,"4.60%",100,4.6,0
2026-11-03,2025-09-23,"4.85%",125,4.85,0
2026-11-03,2025-09-23,"5.10%",150,5.1,0
2026-11-03,2025-09-23,"5.35%",175,5.35,0
2026-11-03,2025-09-23,"5.60%",200,5.6,0
2026-11-03,2025-09-23,"5.85%",225,5.85,0
2026-11-03,2025-09-23,"6.10%",250,6.1,0
2026-11-03,2025-09-24,"0.10%",-300,0.1,0
2026-11-03,2025-09-24,"0.35%",-300,0.35,0
2026-11-03,2025-09-24,"0.60%",-300,0.6,0
2026-11-03,2025-09-24,"0.85%",-275,0.85,0
2026-11-03,2025-09-24,"1.10%",-250,1.1,0
2026-11-03,2025-09-24,"1.35%",-225,1.35,0
2026-11-03,2025-09-24,"1.60%",-200,1.6,0
2026-11-03,2025-09-24,"1.85%",-175,1.85,0
2026-11-03,2025-09-24,"2.10%",-150,2.1,0.0172273994894482
2026-11-03,2025-09-24,"2.35%",-125,2.35,0.0435400037700003
2026-11-03,2025-09-24,"2.60%",-100,2.6,0.0879614573971297
2026-11-03,2025-09-24,"2.85%",-75,2.85,0.142056283037105
2026-11-03,2025-09-24,"3.10%",-50,3.1,0.183405624481489
2026-11-03,2025-09-24,"3.35%",-25,3.35,0.189304039052634
2026-11-03,2025-09-24,"3.60%",0,3.6,0.156208078388637
2026-11-03,2025-09-24,"3.85%",25,3.85,0.103046986328439
2026-11-03,2025-09-24,"4.10%",50,4.1,0.0543422698137181
2026-11-03,2025-09-24,"4.35%",75,4.35,0.0229078582414003
2026-11-03,2025-09-24,"4.60%",100,4.6,0
2026-11-03,2025-09-24,"4.85%",125,4.85,0
2026-11-03,2025-09-24,"5.10%",150,5.1,0
2026-11-03,2025-09-24,"5.35%",175,5.35,0
2026-11-03,2025-09-24,"5.60%",200,5.6,0
2026-11-03,2025-09-24,"5.85%",225,5.85,0
2026-11-03,2025-09-24,"6.10%",250,6.1,0
2026-11-03,2025-09-25,"0.10%",-300,0.1,0
2026-11-03,2025-09-25,"0.35%",-300,0.35,0
2026-11-03,2025-09-25,"0.60%",-300,0.6,0
2026-11-03,2025-09-25,"0.85%",-275,0.85,0
2026-11-03,2025-09-25,"1.10%",-250,1.1,0
2026-11-03,2025-09-25,"1.35%",-225,1.35,0
2026-11-03,2025-09-25,"1.60%",-200,1.6,0
2026-11-03,2025-09-25,"1.85%",-175,1.85,0
2026-11-03,2025-09-25,"2.10%",-150,2.1,0.0129240984969303
2026-11-03,2025-09-25,"2.35%",-125,2.35,0.0359078890815152
2026-11-03,2025-09-25,"2.60%",-100,2.6,0.0785734082773001
2026-11-03,2025-09-25,"2.85%",-75,2.85,0.135424142077482
2026-11-03,2025-09-25,"3.10%",-50,3.1,0.183856490074333
2026-11-03,2025-09-25,"3.35%",-25,3.35,0.196625553755465
2026-11-03,2025-09-25,"3.60%",0,3.6,0.165646612411048
2026-11-03,2025-09-25,"3.85%",25,3.85,0.109925357394597
2026-11-03,2025-09-25,"4.10%",50,4.1,0.0574599104270924
2026-11-03,2025-09-25,"4.35%",75,4.35,0.0236565380042371
2026-11-03,2025-09-25,"4.60%",100,4.6,0
2026-11-03,2025-09-25,"4.85%",125,4.85,0
2026-11-03,2025-09-25,"5.10%",150,5.1,0
2026-11-03,2025-09-25,"5.35%",175,5.35,0
2026-11-03,2025-09-25,"5.60%",200,5.6,0
2026-11-03,2025-09-25,"5.85%",225,5.85,0
2026-11-03,2025-09-25,"6.10%",250,6.1,0
2026-11-03,2025-09-28,"0.10%",-300,0.1,0
2026-11-03,2025-09-28,"0.35%",-300,0.35,0
2026-11-03,2025-09-28,"0.60%",-300,0.6,0
2026-11-03,2025-09-28,"0.85%",-275,0.85,0
2026-11-03,2025-09-28,"1.10%",-250,1.1,0
2026-11-03,2025-09-28,"1.35%",-225,1.35,0
2026-11-03,2025-09-28,"1.60%",-200,1.6,0
2026-11-03,2025-09-28,"1.85%",-175,1.85,0
2026-11-03,2025-09-28,"2.10%",-150,2.1,0.0131047625410831
2026-11-03,2025-09-28,"2.35%",-125,2.35,0.0374106609542767
2026-11-03,2025-09-28,"2.60%",-100,2.6,0.082990955546726
2026-11-03,2025-09-28,"2.85%",-75,2.85,0.143080919149883
2026-11-03,2025-09-28,"3.10%",-50,3.1,0.191725931340422
2026-11-03,2025-09-28,"3.35%",-25,3.35,0.199685252269536
2026-11-03,2025-09-28,"3.60%",0,3.6,0.16165145612801
2026-11-03,2025-09-28,"3.85%",25,3.85,0.101711213190413
2026-11-03,2025-09-28,"4.10%",50,4.1,0.0497377015570316
2026-11-03,2025-09-28,"4.35%",75,4.35,0.0189011473226173
2026-11-03,2025-09-28,"4.60%",100,4.6,0
2026-11-03,2025-09-28,"4.85%",125,4.85,0
2026-11-03,2025-09-28,"5.10%",150,5.1,0
2026-11-03,2025-09-28,"5.35%",175,5.35,0
2026-11-03,2025-09-28,"5.60%",200,5.6,0
2026-11-03,2025-09-28,"5.85%",225,5.85,0
2026-11-03,2025-09-28,"6.10%",250,6.1,0
2026-11-03,2025-09-29,"0.10%",-300,0.1,0
2026-11-03,2025-09-29,"0.35%",-300,0.35,0
2026-11-03,2025-09-29,"0.60%",-300,0.6,0
2026-11-03,2025-09-29,"0.85%",-275,0.85,0
2026-11-03,2025-09-29,"1.10%",-250,1.1,0
2026-11-03,2025-09-29,"1.35%",-225,1.35,0
2026-11-03,2025-09-29,"1.60%",-200,1.6,0
2026-11-03,2025-09-29,"1.85%",-175,1.85,0
2026-11-03,2025-09-29,"2.10%",-150,2.1,0.0104761927456917
2026-11-03,2025-09-29,"2.35%",-125,2.35,0.0314229405477384
2026-11-03,2025-09-29,"2.60%",-100,2.6,0.0731718906952883
2026-11-03,2025-09-29,"2.85%",-75,2.85,0.13229557514937
2026-11-03,2025-09-29,"3.10%",-50,3.1,0.185731533982594
2026-11-03,2025-09-29,"3.35%",-25,3.35,0.202481850760296
2026-11-03,2025-09-29,"3.60%",0,3.6,0.171416269355551
2026-11-03,2025-09-29,"3.85%",25,3.85,0.112686827240772
2026-11-03,2025-09-29,"4.10%",50,4.1,0.0575206510765661
2026-11-03,2025-09-29,"4.35%",75,4.35,0.0227962684461335
2026-11-03,2025-09-29,"4.60%",100,4.6,0
2026-11-03,2025-09-29,"4.85%",125,4.85,0
2026-11-03,2025-09-29,"5.10%",150,5.1,0
2026-11-03,2025-09-29,"5.35%",175,5.35,0
2026-11-03,2025-09-29,"5.60%",200,5.6,0
2026-11-03,2025-09-29,"5.85%",225,5.85,0
2026-11-03,2025-09-29,"6.10%",250,6.1,0
2026-11-03,2025-09-30,"0.10%",-300,0.1,0
2026-11-03,2025-09-30,"0.35%",-300,0.35,0
2026-11-03,2025-09-30,"0.60%",-300,0.6,0
2026-11-03,2025-09-30,"0.85%",-275,0.85,0
2026-11-03,2025-09-30,"1.10%",-250,1.1,0
2026-11-03,2025-09-30,"1.35%",-225,1.35,0
2026-11-03,2025-09-30,"1.60%",-200,1.6,0
2026-11-03,2025-09-30,"1.85%",-175,1.85,0
2026-11-03,2025-09-30,"2.10%",-150,2.1,0
2026-11-03,2025-09-30,"2.35%",-125,2.35,0.027970514010237
2026-11-03,2025-09-30,"2.60%",-100,2.6,0.0701416204655844
2026-11-03,2025-09-30,"2.85%",-75,2.85,0.133570687959328
2026-11-03,2025-09-30,"3.10%",-50,3.1,0.193177468952804
2026-11-03,2025-09-30,"3.35%",-25,3.35,0.212197847008647
2026-11-03,2025-09-30,"3.60%",0,3.6,0.17704032186438
2026-11-03,2025-09-30,"3.85%",25,3.85,0.112185219300247
2026-11-03,2025-09-30,"4.10%",50,4.1,0.053987767417799
2026-11-03,2025-09-30,"4.35%",75,4.35,0.0197285530209732
2026-11-03,2025-09-30,"4.60%",100,4.6,0
2026-11-03,2025-09-30,"4.85%",125,4.85,0
2026-11-03,2025-09-30,"5.10%",150,5.1,0
2026-11-03,2025-09-30,"5.35%",175,5.35,0
2026-11-03,2025-09-30,"5.60%",200,5.6,0
2026-11-03,2025-09-30,"5.85%",225,5.85,0
2026-11-03,2025-09-30,"6.10%",250,6.1,0
2026-11-03,2025-10-01,"0.10%",-300,0.1,0
2026-11-03,2025-10-01,"0.35%",-300,0.35,0
2026-11-03,2025-10-01,"0.60%",-300,0.6,0
2026-11-03,2025-10-01,"0.85%",-275,0.85,0
2026-11-03,2025-10-01,"1.10%",-250,1.1,0
2026-11-03,2025-10-01,"1.35%",-225,1.35,0
2026-11-03,2025-10-01,"1.60%",-200,1.6,0
2026-11-03,2025-10-01,"1.85%",-175,1.85,0
2026-11-03,2025-10-01,"2.10%",-150,2.1,0.0111823180968002
2026-11-03,2025-10-01,"2.35%",-125,2.35,0.0341222986764553
2026-11-03,2025-10-01,"2.60%",-100,2.6,0.0797261994710821
2026-11-03,2025-10-01,"2.85%",-75,2.85,0.142652233132226
2026-11-03,2025-10-01,"3.10%",-50,3.1,0.195484396494234
2026-11-03,2025-10-01,"3.35%",-25,3.35,0.205174991797883
2026-11-03,2025-10-01,"3.60%",0,3.6,0.164937376834412
2026-11-03,2025-10-01,"3.85%",25,3.85,0.101550067031997
2026-11-03,2025-10-01,"4.10%",50,4.1,0.0478820920243205
2026-11-03,2025-10-01,"4.35%",75,4.35,0.0172880264405901
2026-11-03,2025-10-01,"4.60%",100,4.6,0
2026-11-03,2025-10-01,"4.85%",125,4.85,0
2026-11-03,2025-10-01,"5.10%",150,5.1,0
2026-11-03,2025-10-01,"5.35%",175,5.35,0
2026-11-03,2025-10-01,"5.60%",200,5.6,0
2026-11-03,2025-10-01,"5.85%",225,5.85,0
2026-11-03,2025-10-01,"6.10%",250,6.1,0
2026-11-03,2025-10-02,"0.10%",-300,0.1,0
2026-11-03,2025-10-02,"0.35%",-300,0.35,0
2026-11-03,2025-10-02,"0.60%",-300,0.6,0
2026-11-03,2025-10-02,"0.85%",-275,0.85,0
2026-11-03,2025-10-02,"1.10%",-250,1.1,0
2026-11-03,2025-10-02,"1.35%",-225,1.35,0
2026-11-03,2025-10-02,"1.60%",-200,1.6,0
2026-11-03,2025-10-02,"1.85%",-175,1.85,0
2026-11-03,2025-10-02,"2.10%",-150,2.1,0.0118543127977468
2026-11-03,2025-10-02,"2.35%",-125,2.35,0.0350209928274865
2026-11-03,2025-10-02,"2.60%",-100,2.6,0.0799359401362455
2026-11-03,2025-10-02,"2.85%",-75,2.85,0.140983599206591
2026-11-03,2025-10-02,"3.10%",-50,3.1,0.192151725383831
2026-11-03,2025-10-02,"3.35%",-25,3.35,0.202390142610354
2026-11-03,2025-10-02,"3.60%",0,3.6,0.164743089886591
2026-11-03,2025-10-02,"3.85%",25,3.85,0.103629729880495
2026-11-03,2025-10-02,"4.10%",50,4.1,0.0503721984782658
2026-11-03,2025-10-02,"4.35%",75,4.35,0.0189182687923941
2026-11-03,2025-10-02,"4.60%",100,4.6,0
2026-11-03,2025-10-02,"4.85%",125,4.85,0
2026-11-03,2025-10-02,"5.10%",150,5.1,0
2026-11-03,2025-10-02,"5.35%",175,5.35,0
2026-11-03,2025-10-02,"5.60%",200,5.6,0
2026-11-03,2025-10-02,"5.85%",225,5.85,0
2026-11-03,2025-10-02,"6.10%",250,6.1,0
2026-11-03,2025-10-05,"0.10%",-300,0.1,0
2026-11-03,2025-10-05,"0.35%",-300,0.35,0
2026-11-03,2025-10-05,"0.60%",-300,0.6,0
2026-11-03,2025-10-05,"0.85%",-275,0.85,0
2026-11-03,2025-10-05,"1.10%",-250,1.1,0
2026-11-03,2025-10-05,"1.35%",-225,1.35,0
2026-11-03,2025-10-05,"1.60%",-200,1.6,0
2026-11-03,2025-10-05,"1.85%",-175,1.85,0
2026-11-03,2025-10-05,"2.10%",-150,2.1,0
2026-11-03,2025-10-05,"2.35%",-125,2.35,0.0304171844245751
2026-11-03,2025-10-05,"2.60%",-100,2.6,0.0762308584692731
2026-11-03,2025-10-05,"2.85%",-75,2.85,0.143369435246342
2026-11-03,2025-10-05,"3.10%",-50,3.1,0.202372764652255
2026-11-03,2025-10-05,"3.35%",-25,3.35,0.214411665981719
2026-11-03,2025-10-05,"3.60%",0,3.6,0.17051040375765
2026-11-03,2025-10-05,"3.85%",25,3.85,0.101774429242412
2026-11-03,2025-10-05,"4.10%",50,4.1,0.045589595711865
2026-11-03,2025-10-05,"4.35%",75,4.35,0.015323662513909
2026-11-03,2025-10-05,"4.60%",100,4.6,0
2026-11-03,2025-10-05,"4.85%",125,4.85,0
2026-11-03,2025-10-05,"5.10%",150,5.1,0
2026-11-03,2025-10-05,"5.35%",175,5.35,0
2026-11-03,2025-10-05,"5.60%",200,5.6,0
2026-11-03,2025-10-05,"5.85%",225,5.85,0
2026-11-03,2025-10-05,"6.10%",250,6.1,0
2026-11-03,2025-10-06,"0.10%",-300,0.1,0
2026-11-03,2025-10-06,"0.35%",-300,0.35,0
2026-11-03,2025-10-06,"0.60%",-300,0.6,0
2026-11-03,2025-10-06,"0.85%",-275,0.85,0
2026-11-03,2025-10-06,"1.10%",-250,1.1,0
2026-11-03,2025-10-06,"1.35%",-225,1.35,0
2026-11-03,2025-10-06,"1.60%",-200,1.6,0
2026-11-03,2025-10-06,"1.85%",-175,1.85,0
2026-11-03,2025-10-06,"2.10%",-150,2.1,0
2026-11-03,2025-10-06,"2.35%",-125,2.35,0.0260759148481407
2026-11-03,2025-10-06,"2.60%",-100,2.6,0.0690255699249592
2026-11-03,2025-10-06,"2.85%",-75,2.85,0.136056156072677
2026-11-03,2025-10-06,"3.10%",-50,3.1,0.199723332980787
2026-11-03,2025-10-06,"3.35%",-25,3.35,0.218363148513088
2026-11-03,2025-10-06,"3.60%",0,3.6,0.177819197850266
2026-11-03,2025-10-06,"3.85%",25,3.85,0.107846598555832
2026-11-03,2025-10-06,"4.10%",50,4.1,0.0487095695311139
2026-11-03,2025-10-06,"4.35%",75,4.35,0.0163805117231358
2026-11-03,2025-10-06,"4.60%",100,4.6,0
2026-11-03,2025-10-06,"4.85%",125,4.85,0
2026-11-03,2025-10-06,"5.10%",150,5.1,0
2026-11-03,2025-10-06,"5.35%",175,5.35,0
2026-11-03,2025-10-06,"5.60%",200,5.6,0
2026-11-03,2025-10-06,"5.85%",225,5.85,0
2026-11-03,2025-10-06,"6.10%",250,6.1,0
2026-11-03,2025-10-07,"0.10%",-300,0.1,0
2026-11-03,2025-10-07,"0.35%",-300,0.35,0
2026-11-03,2025-10-07,"0.60%",-300,0.6,0
2026-11-03,2025-10-07,"0.85%",-275,0.85,0
2026-11-03,2025-10-07,"1.10%",-250,1.1,0
2026-11-03,2025-10-07,"1.35%",-225,1.35,0
2026-11-03,2025-10-07,"1.60%",-200,1.6,0
2026-11-03,2025-10-07,"1.85%",-175,1.85,0
2026-11-03,2025-10-07,"2.10%",-150,2.1,0
2026-11-03,2025-10-07,"2.35%",-125,2.35,0.0286249135135618
2026-11-03,2025-10-07,"2.60%",-100,2.6,0.0722649456189946
2026-11-03,2025-10-07,"2.85%",-75,2.85,0.137578546731049
2026-11-03,2025-10-07,"3.10%",-50,3.1,0.197545504929731
2026-11-03,2025-10-07,"3.35%",-25,3.35,0.213947861752947
2026-11-03,2025-10-07,"3.60%",0,3.6,0.174775281570082
2026-11-03,2025-10-07,"3.85%",25,3.85,0.107687648515947
2026-11-03,2025-10-07,"4.10%",50,4.1,0.0500408290821082
2026-11-03,2025-10-07,"4.35%",75,4.35,0.0175344682855796
2026-11-03,2025-10-07,"4.60%",100,4.6,0
2026-11-03,2025-10-07,"4.85%",125,4.85,0
2026-11-03,2025-10-07,"5.10%",150,5.1,0
2026-11-03,2025-10-07,"5.35%",175,5.35,0
2026-11-03,2025-10-07,"5.60%",200,5.6,0
2026-11-03,2025-10-07,"5.85%",225,5.85,0
2026-11-03,2025-10-07,"6.10%",250,6.1,0
2026-11-03,2025-10-08,"0.10%",-300,0.1,0
2026-11-03,2025-10-08,"0.35%",-300,0.35,0
2026-11-03,2025-10-08,"0.60%",-300,0.6,0
2026-11-03,2025-10-08,"0.85%",-275,0.85,0
2026-11-03,2025-10-08,"1.10%",-250,1.1,0
2026-11-03,2025-10-08,"1.35%",-225,1.35,0
2026-11-03,2025-10-08,"1.60%",-200,1.6,0
2026-11-03,2025-10-08,"1.85%",-175,1.85,0
2026-11-03,2025-10-08,"2.10%",-150,2.1,0
2026-11-03,2025-10-08,"2.35%",-125,2.35,0.0268159246063177
2026-11-03,2025-10-08,"2.60%",-100,2.6,0.0689041993854178
2026-11-03,2025-10-08,"2.85%",-75,2.85,0.133471272120703
2026-11-03,2025-10-08,"3.10%",-50,3.1,0.194928126127228
2026-11-03,2025-10-08,"3.35%",-25,3.35,0.214653671029637
2026-11-03,2025-10-08,"3.60%",0,3.6,0.178232788153829
2026-11-03,2025-10-08,"3.85%",25,3.85,0.111585111039533
2026-11-03,2025-10-08,"4.10%",50,4.1,0.052668909167829
2026-11-03,2025-10-08,"4.35%",75,4.35,0.0187399983695043
2026-11-03,2025-10-08,"4.60%",100,4.6,0
2026-11-03,2025-10-08,"4.85%",125,4.85,0
2026-11-03,2025-10-08,"5.10%",150,5.1,0
2026-11-03,2025-10-08,"5.35%",175,5.35,0
2026-11-03,2025-10-08,"5.60%",200,5.6,0
2026-11-03,2025-10-08,"5.85%",225,5.85,0
2026-11-03,2025-10-08,"6.10%",250,6.1,0
2026-11-03,2025-10-09,"0.10%",-300,0.1,0
2026-11-03,2025-10-09,"0.35%",-300,0.35,0
2026-11-03,2025-10-09,"0.60%",-300,0.6,0
2026-11-03,2025-10-09,"0.85%",-275,0.85,0
2026-11-03,2025-10-09,"1.10%",-250,1.1,0
2026-11-03,2025-10-09,"1.35%",-225,1.35,0
2026-11-03,2025-10-09,"1.60%",-200,1.6,0
2026-11-03,2025-10-09,"1.85%",-175,1.85,0
2026-11-03,2025-10-09,"2.10%",-150,2.1,0
2026-11-03,2025-10-09,"2.35%",-125,2.35,0.0252483909467128
2026-11-03,2025-10-09,"2.60%",-100,2.6,0.0648998400545792
2026-11-03,2025-10-09,"2.85%",-75,2.85,0.126783710616561
2026-11-03,2025-10-09,"3.10%",-50,3.1,0.188254120632101
2026-11-03,2025-10-09,"3.35%",-25,3.35,0.212479839504369
2026-11-03,2025-10-09,"3.60%",0,3.6,0.182302564787286
2026-11-03,2025-10-09,"3.85%",25,3.85,0.118893330618582
2026-11-03,2025-10-09,"4.10%",50,4.1,0.0589356965792416
2026-11-03,2025-10-09,"4.35%",75,4.35,0.0222025062605683
2026-11-03,2025-10-09,"4.60%",100,4.6,0
2026-11-03,2025-10-09,"4.85%",125,4.85,0
2026-11-03,2025-10-09,"5.10%",150,5.1,0
2026-11-03,2025-10-09,"5.35%",175,5.35,0
2026-11-03,2025-10-09,"5.60%",200,5.6,0
2026-11-03,2025-10-09,"5.85%",225,5.85,0
2026-11-03,2025-10-09,"6.10%",250,6.1,0
2026-11-03,2025-10-10,"0.10%",-300,0.1,0
2026-11-03,2025-10-10,"0.35%",-300,0.35,0
2026-11-03,2025-10-10,"0.60%",-300,0.6,0
2026-11-03,2025-10-10,"0.85%",-275,0.85,0
2026-11-03,2025-10-10,"1.10%",-250,1.1,0
2026-11-03,2025-10-10,"1.35%",-225,1.35,0
2026-11-03,2025-10-10,"1.60%",-200,1.6,0
2026-11-03,2025-10-10,"1.85%",-175,1.85,0
2026-11-03,2025-10-10,"2.10%",-150,2.1,0
2026-11-03,2025-10-10,"2.35%",-125,2.35,0.0234322011745838
2026-11-03,2025-10-10,"2.60%",-100,2.6,0.0627895198712305
2026-11-03,2025-10-10,"2.85%",-75,2.85,0.126331776969401
2026-11-03,2025-10-10,"3.10%",-50,3.1,0.190875551916549
2026-11-03,2025-10-10,"3.35%",-25,3.35,0.216589376713815
2026-11-03,2025-10-10,"3.60%",0,3.6,0.184579974202148
2026-11-03,2025-10-10,"3.85%",25,3.85,0.118134876307124
2026-11-03,2025-10-10,"4.10%",50,4.1,0.0567777280242015
2026-11-03,2025-10-10,"4.35%",75,4.35,0.0204889948209479
2026-11-03,2025-10-10,"4.60%",100,4.6,0
2026-11-03,2025-10-10,"4.85%",125,4.85,0
2026-11-03,2025-10-10,"5.10%",150,5.1,0
2026-11-03,2025-10-10,"5.35%",175,5.35,0
2026-11-03,2025-10-10,"5.60%",200,5.6,0
2026-11-03,2025-10-10,"5.85%",225,5.85,0
2026-11-03,2025-10-10,"6.10%",250,6.1,0
2026-11-03,2025-10-11,"0.10%",-300,0.1,0
2026-11-03,2025-10-11,"0.35%",-300,0.35,0
2026-11-03,2025-10-11,"0.60%",-300,0.6,0
2026-11-03,2025-10-11,"0.85%",-275,0.85,0
2026-11-03,2025-10-11,"1.10%",-250,1.1,0
2026-11-03,2025-10-11,"1.35%",-225,1.35,0
2026-11-03,2025-10-11,"1.60%",-200,1.6,0
2026-11-03,2025-10-11,"1.85%",-175,1.85,0
2026-11-03,2025-10-11,"2.10%",-150,2.1,0
2026-11-03,2025-10-11,"2.35%",-125,2.35,0.0239646235926755
2026-11-03,2025-10-11,"2.60%",-100,2.6,0.0634194396485231
2026-11-03,2025-10-11,"2.85%",-75,2.85,0.126474838512747
2026-11-03,2025-10-11,"3.10%",-50,3.1,0.190096311814534
2026-11-03,2025-10-11,"3.35%",-25,3.35,0.21536053057328
2026-11-03,2025-10-11,"3.60%",0,3.6,0.183904459753028
2026-11-03,2025-10-11,"3.85%",25,3.85,0.118369115350935
2026-11-03,2025-10-11,"4.10%",50,4.1,0.0574204686948976
2026-11-03,2025-10-11,"4.35%",75,4.35,0.0209902120593789
2026-11-03,2025-10-11,"4.60%",100,4.6,0
2026-11-03,2025-10-11,"4.85%",125,4.85,0
2026-11-03,2025-10-11,"5.10%",150,5.1,0
2026-11-03,2025-10-11,"5.35%",175,5.35,0
2026-11-03,2025-10-11,"5.60%",200,5.6,0
2026-11-03,2025-10-11,"5.85%",225,5.85,0
2026-11-03,2025-10-11,"6.10%",250,6.1,0
2026-11-03,2025-10-12,"0.10%",-300,0.1,0
2026-11-03,2025-10-12,"0.35%",-300,0.35,0
2026-11-03,2025-10-12,"0.60%",-300,0.6,0
2026-11-03,2025-10-12,"0.85%",-275,0.85,0
2026-11-03,2025-10-12,"1.10%",-250,1.1,0
2026-11-03,2025-10-12,"1.35%",-225,1.35,0
2026-11-03,2025-10-12,"1.60%",-200,1.6,0
2026-11-03,2025-10-12,"1.85%",-175,1.85,0
2026-11-03,2025-10-12,"2.10%",-150,2.1,0
2026-11-03,2025-10-12,"2.35%",-125,2.35,0.0244976077823665
2026-11-03,2025-10-12,"2.60%",-100,2.6,0.0640405237148444
2026-11-03,2025-10-12,"2.85%",-75,2.85,0.126609087614307
2026-11-03,2025-10-12,"3.10%",-50,3.1,0.189325330593885
2026-11-03,2025-10-12,"3.35%",-25,3.35,0.214150802096849
2026-11-03,2025-10-12,"3.60%",0,3.6,0.183234877782193
2026-11-03,2025-10-12,"3.85%",25,3.85,0.118593527855225
2026-11-03,2025-10-12,"4.10%",50,4.1,0.0580553596216165
2026-11-03,2025-10-12,"4.35%",75,4.35,0.0214928829387147
2026-11-03,2025-10-12,"4.60%",100,4.6,0
2026-11-03,2025-10-12,"4.85%",125,4.85,0
2026-11-03,2025-10-12,"5.10%",150,5.1,0
2026-11-03,2025-10-12,"5.35%",175,5.35,0
2026-11-03,2025-10-12,"5.60%",200,5.6,0
2026-11-03,2025-10-12,"5.85%",225,5.85,0
2026-11-03,2025-10-12,"6.10%",250,6.1,0
